sample_id,style_name_legacy,method,matched_df_style_id,matched_df_style_name,unresolved_reason
rec084yaFYWGrGcFp,Arizona Pearls,unresolved,,,no_match
rec097D1oqbTJW7Q1,Apollo,exact,recjEdL0dM9sSdKqy,Apollo,
rec09WnlBOxV37Xj8,Miriam - SW,fuzzy_prefix,receEX64ZZgpaLECf,Miriam,
rec0BL0GtZsigRcUN,Charlie,exact,recgj6FFJK6KPkxpa,Charlie,
rec0CEIisQLWoV2El,Jaqueline,unresolved,,,no_match
rec0ONSI7w3obD4uA,Winona Pearl Headband ,unresolved,,,no_match
rec0PH06p7HFvAH4u,Edie,exact,recETav1jBTQhyu33,Edie,
rec0QiIYN2FEmMAx2,Camille,exact,recc2leJaVZp0QmGL,Camille,
rec0WYjqHERsPMiPR,Lucia,unresolved,,,no_match
rec0bhuKsvm184jlC,Lena - Ivory,fuzzy_prefix,recoRslK5nW1Kzujh,Lena,
rec0dDBmwNXJXJZhP,Henri,exact,recSUGpIy5Kmqh8nm,Henri,
rec0k7yS6XF4dlpkF,Georgia (Skirt),unresolved,,,no_match
rec0kigfXGxGnGAEN,Madrid Lace,unresolved,,,no_match
rec0nbJV4w7npTO27,Cosette (White) ,fuzzy_prefix,rechwsAH5xHMMUqJf,Cosette,
rec0oSVQzana4uPeI,Bobbie - Silk Wool Twill,exact,recOt4rHdXMdiMZr5,Bobbie - Silk Wool Twill,
rec0pNPenot41dwE1,Veda (SW Twill),unresolved,,,no_match
rec0t1anpzELwiYgw,Jersey Headband White - NARROW,unresolved,,,no_match
rec0ttJZ2Mp4Qy97S,Piper (with shorter train),fuzzy_prefix,recQzIM2Cn2LolD1l,Piper,
rec0uqeExQu4q5igt,Clementine,exact,rectuoyx5WcdHzbRk,Clementine,
rec0vem8Oj0mukZr5,Viola ,exact,recuBEHazg3gnJYlp,Viola,
rec0z2JxZNYnRydpK,Willow,exact,recg83Qfo7sAh6ytg,Willow,
rec0zjzK3ZaKa7kll,Silk wool clutch with Silver olive brang detail ,unresolved,,,no_match
rec14E3rJPD94kqQp,Scarlet,exact,recXCSf6qhzWZ5Fxn,Scarlet,
rec168GWxeXxilieY,Otilly,unresolved,,,no_match
rec16sZuryoABlBaP,Harris,exact,recXNAE1tp4RvLzlC,Harris,
rec19JZx9XthDTeXg,Skylar,exact,recM50thb73Bz0bFh,Skylar,
rec1AAGu7ctJS1rZL,Rhodora,exact,recWIPu6tLuV5Mldm,Rhodora,
rec1BjafujWmiq3FU,Suki (Chartreuse),fuzzy_prefix,recOl1CmDXPT5hRXq,Suki,
rec1EmkYG6KrM4Tjg,Lua (Chiffon),fuzzy_prefix,recXpqvYda4Rac7bd,Lua,
rec1HH4aer7ke40Wc,Scarlet,exact,recXCSf6qhzWZ5Fxn,Scarlet,
rec1Hxfmdv8LL0BnN,Esme,exact,recwleLHp6mQDhZBF,Esme,
rec1PQ61ppixdfcT3,Nell,exact,recK05pHnW8lP2WYi,Nell,
rec1SZwv7DppJ1hUU,Baroque Pearl Tassle Earrings,unresolved,,,no_match
rec1Uo3oAxdUjlXCR,Mollie,exact,recAHtYqSr2K484jr,Mollie,
rec1XRE5LoXBLpO9M,Leighton,exact,reck4usoYPvUbGbkC,Leighton,
rec1YGKbIv6RZAFB8,Ophelia,exact,recefSe691zr7wVy1,Ophelia,
rec1cA78Is1Rsimbd,Demi,unresolved,,,no_match
rec1eN62c6AGVb77J,Miriam - Cady,fuzzy_prefix,receEX64ZZgpaLECf,Miriam,
rec1eSkFvQWm4uSMV,Agnes (SW) (Twill),unresolved,,,no_match
rec1gTt7x2lS3Cim7,Annabelle Top,unresolved,,,no_match
rec1jZVeiWgc5GLml,Trapunto headband,unresolved,,,no_match
rec1l02St2XmiXeb0,Etta,exact,recGZqFVqNc2D9tZP,Etta,
rec1ns2HpsBxFng1U,Clara - Lace Applique,unresolved,,,no_match
rec1ocL0h0DTFwfbS,Savannah,unresolved,,,no_match
rec1s3kSV40kI9vGX,Annabelle Top,unresolved,,,no_match
rec1s7TEdVZBrwHQC,Samson,exact,recju8NIDhlLWy1Gj,Samson,
rec1sCyv7YpBfPpaf,Mari,exact,recD8suABB4ZAiABO,Mari,
rec1sEgrO5qty3GUQ,Tabitha Blue,unresolved,,,no_match
rec1veJFTiYQyr5zB,Miriam - SW,fuzzy_prefix,receEX64ZZgpaLECf,Miriam,
rec20SykkpsK78hpE,Sid/Viv Set - Mist,unresolved,,,no_match
rec20bwuOUuwmALB8,Mari Sleeves - Crinkle Chiffon,unresolved,,,no_match
rec23BI0aEYUSqbh5,Georgia (Skirt),unresolved,,,no_match
rec295VUAYhsh2fAQ,Quinn,unresolved,,,no_match
rec2B5PJa2pOE7ZaF,Simone,exact,recomZIUOT863k2rp,Simone,
rec2DfFrqVukPuRUL,Kaia,exact,recFzqDWRDbN0XZLj,Kaia,
rec2IN11hfREHdEAS,Ewen,exact,rec8AnnVBkmEJHT9i,Ewen,
rec2IY4WWGrCNOnNu,Noa (Black),fuzzy_prefix,recUi6PXmvR5oOOs0,Noa,
rec2QKe7XrE00ldBy,Chiara,exact,recbLMtgzmyk9vnoN,CHIARA,
rec2QSTcGGNLPE6vY,Chantilly Border Veil - Elbow,unresolved,,,no_match
rec2SxGb7Yx1iltzF,Josephine,exact,rec6f6SNp2DLy815z,Josephine,
rec2VEdhXLN6IjiQG,Cosette (White) ,fuzzy_prefix,rechwsAH5xHMMUqJf,Cosette,
rec2YJWzAO9Szl89j,Veda,unresolved,,,no_match
rec2cdtiOQHx21dbY,Stella,exact,rechaa9IdNWTCxEad,Stella,
rec2kd8p9Y6U4ocNo,CHANTILLY LACE DEGRADE BORDER DROP VEIL - Cathedral,unresolved,,,no_match
rec2lBSTFhcji4M27,BIRKENSTOCK PEARL CLUSTER BELT,unresolved,,,no_match
rec2ncZnL9ribxexq,Emerson,exact,recWi6TRIL11ez5h6,Emerson,
rec2tfmGJdW9k15ls,Veda,unresolved,,,no_match
rec2wlkBwetzGi5At,Alexandra (without embellishment),fuzzy_prefix,recpof5BNU1oZ2XXc,Alexandra,
rec34MjKKDSS9Ns67,Skylar,exact,recM50thb73Bz0bFh,Skylar,
rec3D7v8YUgMwr270,Jersey Headband White - WIDE,unresolved,,,no_match
rec3DyMFSKQQBc4UO,Miller,exact,recIJCB3BTVstnEXv,Miller,
rec3Jtl4XBdNo6uxU,Nymphia Tiara ,exact,recZRaJPrm7dlSeFN,Nymphia Tiara,
rec3L5gXHDZGrnILg,Rainey,exact,recLwmF1THTtHg6Hz,Rainey,
rec3LTIv5Lesu0e30,Cosette (Plum) ,fuzzy_prefix,rechwsAH5xHMMUqJf,Cosette,
rec3MOQHmWQvn04GN,Drew,exact,rec8XFdAbiTNzvDLV,Drew,
rec3OjI1lGvSBSqFc,Gemma,exact,rec2822G6XNfvKYAb,Gemma,
rec3RNUHacnCwtU1p,Mila (nude),fuzzy_prefix,rect6GEvda51pdLdR,Mila,
rec3UrzfJAhaCCn7X,Vivienne,exact,recbFb9nHhoG7xIH9,Vivienne,
rec3VDJBAXeBkLHIJ,Leighton,exact,reck4usoYPvUbGbkC,Leighton,
rec3VMyZ44u73hxPT,Tulle Scarf,exact,recPVp6ae1L0cbtAB,Tulle Scarf,
rec3Wc96qUQ07IFXK,Rebecca,exact,recwzvKRP623sOz1H,Rebecca,
rec3XKil3MPeYTQst,Pia,exact,recAp0iFg1W5Z2MPz,Pia,
rec3YPMlTB09QPaS0,Priscilla,exact,recbxsVzXCfmZaH3Y,Priscilla,
rec3cOyiF6PCxPk60,Henrietta,exact,recjT7jwOh2tQ575m,Henrietta,
rec3cqGvvJ0z0Jpto,Juno,exact,recHy3tpintCiGHis,Juno,
rec3f9f6NuyYEDE3l,Milo,exact,recN2SWeARDQxLnWT,Milo,
rec3j4QdzVuSCPihn,Parker,exact,recFeixCSCJWzZLC7,Parker,
rec3lQ7UtZnXJAjAk,Jersey Headband White - WIDE,unresolved,,,no_match
rec3nzteVVf7wZ0Lg,Lucy,exact,recSYVosCuO7kqqGe,Lucy,
rec3vSdJMzPhvqeCy,Laurel,exact,recTcdNkAX7djYzSI,Laurel,
rec3yHrqJQHEYB6sq,Rumi (Printed Painted) ,unresolved,,,no_match
rec3zwqy3ECiJzyYr,Demi,unresolved,,,no_match
rec44H5zH4jHvjQXe,Rachel Petal,unresolved,,,no_match
rec46S83n6i1jAapR,Fischer,exact,recPLzpPoqLt0FnO3,Fischer,
rec48O1BydSbF3E13,Andi,exact,rec8j6YygKpUISH5a,Andi,
rec4AoTeW29oaBeEI,Penelope,exact,recVhlADgtHRIYlZf,Penelope,
rec4DvuInVGXD9rG9,Piper,exact,recQzIM2Cn2LolD1l,Piper,
rec4KtWQ6cENHEsdw,Mari Sleeves - Silk Wool ,unresolved,,,no_match
rec4Nzs6zSlKYrlJL,Cathedral Hankerchief Veil,unresolved,,,no_match
rec4O0q2mFlaIILhu,Adena,exact,recMzRkBWxwd5nfgG,Adena,
rec4TZ9tOpfVdT0Em,Pia Strapless,exact,recH93NYKHOCsnVy2,Pia Strapless,
rec4UYvpFQT9eptGK,Cosette (Black) ,fuzzy_prefix,rechwsAH5xHMMUqJf,Cosette,
rec4VepD6DLqVawjM,Clay Flower Braoch- Mist ,unresolved,,,no_match
rec4WKHakQKhV6EV1,Miles,unresolved,,,no_match
rec4XxS6UhP9sALIb,Anika Bustier,exact,rec9Yce2lfBqxybjU,Anika Bustier,
rec4nnu3PFJBmbHNm,Lennon,exact,recRaZ00Gs1OnE17F,Lennon,
rec4q30i9HZewp8fD,Freesia brooch - Mist,unresolved,,,no_match
rec4rJ96e9O94MhtO,Sutton,exact,recq1utqhe10lgOkS,Sutton,
rec59EePVPRbEkZUK,Lennon,exact,recRaZ00Gs1OnE17F,Lennon,
rec5CM3n4OjDa4gW2,Chloe,exact,recYRjfAIXsXZYoNi,Chloe,
rec5D8BlLJVMrwASv,Tess,exact,recdkecsD8d2m9BZB,Tess,
rec5Ek6C8iO5VY0n1,Isabelle,exact,recbKgjUZWFUwgzqQ,Isabelle,
rec5GRoqnSaxj4MIs,Devon,exact,rec4EWE6O5J928Kny,Devon,
rec5GVO5oxD4j23Ir,Pleated Tulle Cape,unresolved,,,no_match
rec5LCymFRD6qmtuk,Lounge Set (Long Sleeve) - BEIGE,fuzzy_prefix,rec3zZAmq7z3dWfgp,Lounge Set,
rec5N9scPDhgTPvh8,Dree,exact,recLQs4WNMmeiaJ5H,Dree,
rec5PBJIxvrEW5vIC,Bronze floral shoulder peices ,unresolved,,,no_match
rec5YZC7dRWLElp2g,Emory,exact,recgmKiJNs22ZDAIs,Emory,
rec5ZxV5WZzL66H8s,Noemi,exact,rec0g1uAyI2HUZyVM,Noemi,
rec5d25PsL7nKqq6Z,Arlo ,exact,recNhH6be6YDdVWH3,Arlo,
rec5ewkIg4zpKbSr5,Lounge Set (Short Sleeve) - BEIGE,fuzzy_prefix,rec3zZAmq7z3dWfgp,Lounge Set,
rec5fWwu0LHuE8uYi,Cheryl,exact,recMYOjRDTb2oyq2f,Cheryl,
rec5gvnZXwrc3zpu3,Miles Wool Viscose,exact,rec03daH2xdMTtDBj,Miles Wool Viscose,
rec5kq0jQ7gfcj08O,,unresolved,,,blank_legacy_name
rec5mIWMEemn4aiyZ,Cathedral Mantilla Veil,unresolved,,,no_match
rec5qdFpFpzAONRVH,Devon ,exact,rec4EWE6O5J928Kny,Devon,
rec5qqdKdA8gu6By7,,unresolved,,,blank_legacy_name
rec5sP30M1RGdSD18,Cathedral beaded wave veil,unresolved,,,no_match
rec5szgHUBaIEw062,Pia,exact,recAp0iFg1W5Z2MPz,Pia,
rec5uFwD9DmvAd4iC,Freja Veil,exact,recw7jrygiVG8jxCx,Freja Veil,
rec62vrVPJZsCaC8a,Pippa,exact,rec3xWFZR0WKU43ca,Pippa,
rec656c4uIiWreij8,Mari Sleeves - Tulle w/ Lace Applique,unresolved,,,no_match
rec67seVlxKUa9RPO,Andi,exact,rec8j6YygKpUISH5a,Andi,
rec6A1BGun7jKvgdf,Billie,exact,recm5G5AtqDVR5En6,Billie,
rec6Db5qACv3TOEZr,Anika Bustier SW,unresolved,,,no_match
rec6F3STecjCHOSEh,Violette,exact,recOaEexmbMMgC5WF,Violette,
rec6IhSP1Ol1tmRxt,Suki (Chartreuse),fuzzy_prefix,recOl1CmDXPT5hRXq,Suki,
rec6KJh7b3YqsoIXR,Gale,exact,recRrrtNVmQmlqYDO,Gale,
rec6T1h98YkjZpaTc,Malfroy Pleated Veil w/ Lace,unresolved,,,no_match
rec6WFETZVN9qC1US,rebecca,exact,recwzvKRP623sOz1H,Rebecca,
rec6cYu7xiSaOunqe,Bex (Taffeta),fuzzy_prefix,recxWhKt897hFttXK,Bex,
rec6dTQCFlpe7Fo2Q,Tilly,exact,recNGKG4MxdAX9w1R,Tilly,
rec6g1L1df1JifTPz,Painted leather gloves,unresolved,,,no_match
rec6gpDRw7vXAMqma,Desi (printed/painted),fuzzy_prefix,recLAJiCmA2BSoDAT,Desi,
rec6jnFl8E5LlQfLX,Leighton,exact,reck4usoYPvUbGbkC,Leighton,
rec6xQO6HnyfDOWsL,Ruby,exact,recTD8DIPAusq64xa,Ruby,
rec71DG4PckhzE3fp,Noa (Topper),fuzzy_prefix,recUi6PXmvR5oOOs0,Noa,
rec71apguYrt6uwOp,Piper (with shorter train),fuzzy_prefix,recQzIM2Cn2LolD1l,Piper,
rec74FeIkyzDVsSGa,Rowan,exact,rec9OFOF0X3QNLy7X,Rowan,
rec75zjVsp0tdrzJk,Riley,exact,recZLU6IJGf8qL4Cs,Riley,
rec7AAFtI6BVpiTcS,Aidan,exact,recMWDG3kezbm4Gyp,Aidan,
rec7CNCuLZrMC0pWy,Painted Tulle Gloves,unresolved,,,no_match
rec7DUunuiAphZU7j,Billie Shoulder Pieces ,unresolved,,,no_match
rec7ELv01174Glo7J,Bex (Taffeta),fuzzy_prefix,recxWhKt897hFttXK,Bex,
rec7G5WXfWn4xYizV,Cosette (Plum) ,fuzzy_prefix,rechwsAH5xHMMUqJf,Cosette,
rec7HDpmYaFknCFfa,Leighton,exact,reck4usoYPvUbGbkC,Leighton,
rec7HQ2ErVXvb5LPl,rebecca,exact,recwzvKRP623sOz1H,Rebecca,
rec7KXcIUT98q75aO,Francesca,exact,rec19qAgVODGs3mlC,Francesca,
rec7L4TBOafnN9I0c,Dean,exact,rec4ohLegpYncgEyr,Dean,
rec7LNzCkkwlLiQoR,Freja Veil,exact,recw7jrygiVG8jxCx,Freja Veil,
rec7O4TgyZGshrdYg,Drew,exact,rec8XFdAbiTNzvDLV,Drew,
rec7OVCIn9Xo6Hewz,Mariella Veil,unresolved,,,no_match
rec7Put35q1kU7Gdp,Clara - Tulle,unresolved,,,no_match
rec7RpLogXRtPFTTN,Ingrid,unresolved,,,no_match
rec7UF2JPIqmfCjtj,Iris Veil ,unresolved,,,no_match
rec7UWmS3l6Ff4jXF,Mollie,exact,recAHtYqSr2K484jr,Mollie,
rec7Y6bdb4cLEgEyn,BIRKENSTOCK PEARL CLUSTER BELT,unresolved,,,no_match
rec7a9GyL65AsExV7,Tabitha,exact,rec1ttlejT9zBBbe6,Tabitha,
rec7cJPgKF7SQ6vbS,Simone,exact,recomZIUOT863k2rp,Simone,
rec7iHQHAd3PaPrfW,Anika,exact,recXbz8x8rlZ7jR3w,Anika,
rec7iTgCaTMzkUvG7,Leith,exact,recG008wqw6KSORlw,Leith,
rec7mVDlJcILBXpdU,Silk Wool Scarf,exact,recigEcZ25A6erHkL,Silk Wool Scarf,
rec7rEI3ontc0eqHy,Macie,exact,recDyLxrbcbY9X4o5,Macie,
rec7tqrqmFxs1nxfX,Ophelia,exact,recefSe691zr7wVy1,Ophelia,
rec7yzaiwcBCpAQ3W,Tulle Gloves,exact,recvu3MhBrUFnTcee,Tulle Gloves,
rec804eDyb5VF9kBC,Desi,exact,recLAJiCmA2BSoDAT,Desi,
rec81ifiSXCFOCrOz,Veda - Linen Organza,exact,recgJvYcfu5VJRFR4,Veda - Linen Organza,
rec81nMPE3otEw2DW,Lana,exact,rect5KJS70q712OFi,Lana,
rec8368UPsfukL3yN,Jersey Headband White - NARROW,unresolved,,,no_match
rec88ZEGdYYmNwm4z,Laurel w/ INCORRECT lining,unresolved,,,no_match
rec897GwsrDSVR2Di,Bex (SW),fuzzy_prefix,recxWhKt897hFttXK,Bex,
rec8FYUjvSwHf8Hdc,Emory,exact,recgmKiJNs22ZDAIs,Emory,
rec8HQo8eHJXjFkVy,Scarlet,exact,recXCSf6qhzWZ5Fxn,Scarlet,
rec8L7kmsF1fGSAiu,Lounge Set (Long Sleeve) - WHITE,fuzzy_prefix,rec3zZAmq7z3dWfgp,Lounge Set,
rec8VElx1pi9PeYCv,Cathedral veil w/ Hand Painted Flowers + Lace Applique,unresolved,,,no_match
rec8YwO1p64iKoUr6,Veda (plum),unresolved,,,no_match
rec8ZTMFo3HPj7NVj,Charlie,exact,recgj6FFJK6KPkxpa,Charlie,
rec8Zi0xLwsHOpodF,Nina,exact,recm7PpLM9wscuWmN,Nina,
rec8kfP4KH9xvKqqQ,Hazel,exact,recOgNl49zSBHGWn9,Hazel,
rec8m7Dn5uW3hKMFp,Demi - V,unresolved,,,no_match
rec8qM3G8RxexYrbX,Arizona - Black,unresolved,,,no_match
rec8qsYVeAK6g56Xx,Dree,exact,recLQs4WNMmeiaJ5H,Dree,
rec8rUcOUbt7o9G0R,Audra,exact,recByG3u5ugxCbTcg,Audra,
rec8zuMNMCgnSvhkS,Bernie,exact,recBOZl4uFnxJTk2Y,Bernie,
rec953hhC58YbvN5b,Mackenzie,exact,recbSnZa9XpScdytK,Mackenzie,
rec97CHDQBkJM6Hfe,Ford,exact,rec0MdmgAWj14dn9B,Ford,
rec9EgXkU6mxI5nPa,Scout (Skirt) ,unresolved,,,no_match
rec9GrKqhPObFhso1,Dylan,exact,recdTdSlcrOfInrXu,Dylan,
rec9KLWAcm0RgnLPt,Madrid Lace,unresolved,,,no_match
rec9MnwhHDjWRi864,Presley,exact,reciG7tHyOS5aCr4m,Presley,
rec9UtVQDVUdRboab,Simple Tulle Veil w/ Blusher,unresolved,,,no_match
rec9Vwv1ZRpKs22UC,Nell,exact,recK05pHnW8lP2WYi,Nell,
rec9ZPmma12FxsYAd,Mari Sleeves - Tulle,unresolved,,,no_match
rec9kdbK9Wcz20nvS,Ford,exact,rec0MdmgAWj14dn9B,Ford,
rec9mXUgZ4kNCTCyq,Freesia brooch - Mist,unresolved,,,no_match
rec9paMdW4XnbKNa9,Lola - Light Ivory,fuzzy_prefix,reczApOBQdDkCMLTn,Lola,
rec9qFiB4aUKyR2O2,Pencil Tip Short Veil,unresolved,,,no_match
rec9rna8Q5hYlCx4y,Remy,exact,recwHh6ulruNF1B7q,Remy,
rec9sEJNdTO7vEfKE,Lottie,exact,recFxHaBYHiGRPPOj,Lottie,
rec9t1RmjHjYqPcSk,Arielle,exact,rec25c3UjatGXJYav,Arielle,
rec9tuGK4NE2vFXqB,Suki SW,unresolved,,,no_match
rec9vOhQZHXDIG2Lq,Micah,exact,recacjKln1BO9LXPZ,Micah,
rec9viQu8ruCL81A2,Silk Wool Scarf,exact,recigEcZ25A6erHkL,Silk Wool Scarf,
rec9yJW7fMx3brzvA,Leighton,exact,reck4usoYPvUbGbkC,Leighton,
recA0v7phor12eion,Theo,exact,recotsrMZST7JfVog,Theo,
recA1NE9x4hesPUoD,Mae,exact,recnkF410eO1SCNF1,Mae,
recA1xG5skEokjf5h,Sid/Viv Set - Ivory,unresolved,,,no_match
recA3coIusDGGtWUs,Leona,exact,recPbyQwimx0qzhin,Leona,
recA3mSReECLUalF8,Chloe,exact,recYRjfAIXsXZYoNi,Chloe,
recA6XZWGAfnZtUwB,Val Metal Organdy,exact,recaexmDOGKzJxzxQ,Val Metal Organdy,
recA6zfu5dqHcUUMx,Dree,exact,recLQs4WNMmeiaJ5H,Dree,
recAEGZQRe1I4M1hK,Hazel,exact,recOgNl49zSBHGWn9,Hazel,
recAMB7kgiwJSehxi,Macie,exact,recDyLxrbcbY9X4o5,Macie,
recANevCG4lrbdOg5,Pink Suede Gloves,unresolved,,,no_match
recAQAu7lP4Dqf7ev,Drop Veil ,unresolved,,,no_match
recAQCNi8jyt4rpvG,Stella,exact,rechaa9IdNWTCxEad,Stella,
recATiFDpxMryD4dZ,Lisbette,unresolved,,,no_match
recAWCVhkeqI7FgS9,Emerson,exact,recWi6TRIL11ez5h6,Emerson,
recAXN40XklxyhF6J,Birkenstock Fortuny Gown,unresolved,,,no_match
recAXcgwL269WLMQx,Juniper Printed Painted,exact,rec6ZzwJQM3SjwdCM,Juniper Printed Painted,
recAetmwSVesxdVKy,Arlo (incorrect),fuzzy_prefix,recNhH6be6YDdVWH3,Arlo,
recAkVLEg1Sd0CVL2,Faye,exact,recQdpzpAVsfwOrC5,Faye,
recAkjtUXGwc1gj3T,Pleated Tulle Veil,unresolved,,,no_match
recArxlLoNX1wtWfJ,Nina,exact,recm7PpLM9wscuWmN,Nina,
recB4YwKJXGU6QAtt,Cathedral beaded wave veil,unresolved,,,no_match
recB5q3DskqBzr7ei,Meredith,exact,recqCkJOAnUIfJA3s,Meredith,
recB78IwnSJlzKtsy,Cathedral veil w/ Hand Painted Flowers + Lace Applique,unresolved,,,no_match
recBBqpmjFsR4ilRP,Laurel w/ CORRECT lining,unresolved,,,no_match
recBCKJyjmRSysjil,Ella,exact,rec4rtUSGaOo3kzP7,Ella,
recBCyCdXqxkCn1bR,Ingrid,unresolved,,,no_match
recBM4Ik7WVHZLxHz,Rainey,exact,recLwmF1THTtHg6Hz,Rainey,
recBQnBPQyyaB9rwS,Sid/Viv Set - Lemon,unresolved,,,no_match
recBTTmPDy6b0U53V,Pearl Tassles (for raphaela),unresolved,,,no_match
recBUowdaIbmv0fgn,Pleated Tulle Veil,unresolved,,,no_match
recBVDgBDtSxEQMx2,Cosette (Plum) ,fuzzy_prefix,rechwsAH5xHMMUqJf,Cosette,
recBZYBPonYx4hsEr,Short Grosgrain Veil,unresolved,,,no_match
recBcZq0HVYLsqmCX,Emerson,exact,recWi6TRIL11ez5h6,Emerson,
recBkjsNY7BeBYT5u,Bex Tissue Taffeta,exact,recHlgQQMIIJPknuu,Bex Tissue Taffeta,
recBm4ZTryEnRjAjh,Lois,exact,reco2O2V3XCaFe1aP,Lois,
recBpfdksHmemi9px,Chiara,exact,recbLMtgzmyk9vnoN,CHIARA,
recBqpiW9Kdh1Mq7m,Skylar,exact,recM50thb73Bz0bFh,Skylar,
recBqubNA0pMdIFGM,Demi - V,unresolved,,,no_match
recBrGKdh6J3nutct,Mari,exact,recD8suABB4ZAiABO,Mari,
recBrajCIiBDWGy5p,Talia,exact,recZTqPoXpCUJhuEh,Talia,
recBwEReWsJhVLVpq,Coty ,exact,rec1lLHhlxUtLxfhl,Coty,
recBwwm2TojWUzJ27,Rachel Petal,unresolved,,,no_match
recByYSzqV0vOUt5s,Henrietta,exact,recjT7jwOh2tQ575m,Henrietta,
recBytFm5xMAd6ZkY,Fischer,exact,recPLzpPoqLt0FnO3,Fischer,
recC0VZ9nAL1ZEKYd,Demi - Chocolate,unresolved,,,no_match
recC2qwddmp72MH6r,Scarlet,exact,recXCSf6qhzWZ5Fxn,Scarlet,
recC3CruLHYSWDOAL,Kennedy,exact,recLWVKfMp3FRrt7a,Kennedy,
recC3j9fGFemSDAmp,Rae,exact,reckqg7qJmsO56HNs,Rae,
recC6QUhEjkPUksU4,Simone,exact,recomZIUOT863k2rp,Simone,
recC7pRp8DdXtcmFG,Collins,exact,recFogTsZskrWXOaz,Collins,
recCA3I7FRWUuwhzL,Tess,exact,recdkecsD8d2m9BZB,Tess,
recCAkzUuR0rBVZxK,Pauline,exact,recwuMNgShYLo2MNY,Pauline,
recCBuiN9zmwjkoid,Anita,exact,recQVeP0jB9nMCtMK,Anita,
recCKGOz77z8OV7xb,Jersey Headband White - WIDE,unresolved,,,no_match
recCMZVBOkqmrNncN,Rory,exact,recA3qrQc5c5e9jaT,Rory,
recCNUWS9ExpXhnSk,Steven,exact,recpgeSX3IUxot9ss,Steven,
recCPxFlDSMoguaLL,Desi (printed/painted),fuzzy_prefix,recLAJiCmA2BSoDAT,Desi,
recCUgi8EbpMwx1Qe,Patent Leather Belt with Gradient Pearl,unresolved,,,no_match
recCWU9THaUshjVRF,Pleated Tulle Overlay ,unresolved,,,no_match
recCWeJZ00P1D8h7U,Desi,exact,recLAJiCmA2BSoDAT,Desi,
recCXuDQOpPkQGFB3,Kaia,exact,recFzqDWRDbN0XZLj,Kaia,
recCaDXc9CAzE4i7h,Everett,exact,rec3MbXkRuSAuRzBk,Everett,
recCeN8jCnWhbDBTe,Clara - Tulle,unresolved,,,no_match
recCf81YqmxqZuZHI,Arizona - Black,unresolved,,,no_match
recCgShuuqbgS4Vej,Billie Shoulder Pieces ,unresolved,,,no_match
recChJZH1OlIC65wY,Evie,exact,recPkANMC80TTCMUq,Evie,
recClRMXLLXxvPJYb,Polly,exact,recpPeTRTzAHJwmJK,Polly,
recCnCRIAwpBYCMtG,Arlo,exact,recNhH6be6YDdVWH3,Arlo,
recCs4GOm8Z3UOu8a,Penelope,exact,recVhlADgtHRIYlZf,Penelope,
recCwvtvaXXlgo4YB,Riley,exact,recZLU6IJGf8qL4Cs,Riley,
recCxS2EBghNUvzLT,Miriam - SW,fuzzy_prefix,receEX64ZZgpaLECf,Miriam,
recCzOMKaRQFFC7Qq,Hazel,exact,recOgNl49zSBHGWn9,Hazel,
recD0Jy1Lhdu8Zfys,Claudia,exact,recqfnEKPO16KcUJT,Claudia,
recD3d7DzaqTTEigz,Coty ,exact,rec1lLHhlxUtLxfhl,Coty,
recD4U42tYkPEd0O8,Hazel,exact,recOgNl49zSBHGWn9,Hazel,
recD8SospjfvMom4y,Desi,exact,recLAJiCmA2BSoDAT,Desi,
recD8cBlebPGdJrU2,Miles ,unresolved,,,no_match
recDAk5exY4dYt9T3,Audra,exact,recByG3u5ugxCbTcg,Audra,
recDBK8aNUYTrkI9q,Everett,exact,rec3MbXkRuSAuRzBk,Everett,
recDC5wAD0umSO9Wa,Quinn Printed Painted,exact,recsy3gnYBKkklPWt,Quinn Printed Painted,
recDCBFOk8b1VZ7hG,Agnes (SW) (Twill),unresolved,,,no_match
recDDhdP4MzmcnkzJ,CHANTILLY LACE DEGRADE BORDER DROP VEIL - Cathedral,unresolved,,,no_match
recDG47kdFQ2vKSf4,Tristan,exact,rec7K8PihHIqgfHXx,Tristan,
recDTwb8bmtOR8Pnh,Raf,exact,recOwRCak8G5TSAAq,Raf,
recDUziDEudSu4NDF,Dree,exact,recLQs4WNMmeiaJ5H,Dree,
recDVwv6xi2Y1fO3f,Polly,exact,recpPeTRTzAHJwmJK,Polly,
recDYCQP4jfkSdxnL,Alora,exact,rec3BRY793qUeQlqP,Alora,
recDYNbuc2Khhuhha,Leona,exact,recPbyQwimx0qzhin,Leona,
recDaCOutJefiA1cY,Lennon,exact,recRaZ00Gs1OnE17F,Lennon,
recDhVjqmXBHTOQJy,Sasha (iris) ,fuzzy_prefix,recBCfoFXP3p3VPvf,Sasha,
recDjiN0fkRaVzNWW,Leona,exact,recPbyQwimx0qzhin,Leona,
recDmtYrrDDEiSH2M,Lois,exact,reco2O2V3XCaFe1aP,Lois,
recDnJRfTzSEEnvqa,Violette,exact,recOaEexmbMMgC5WF,Violette,
recDs1TiRpjvfnBQz,Yara Ivory,unresolved,,,no_match
recE1C4evckLMs5yl,Nala,exact,reczsIFKqV3o5hGn9,Nala,
recE5JYBUFKqCrXvr,Chain and Pearl Belt,unresolved,,,no_match
recE63vjYSJyDPzN5,Vivienne Chocolate,unresolved,,,no_match
recE6q7lR2MHNEuWW,Chloe,exact,recYRjfAIXsXZYoNi,Chloe,
recE9NBDJ049usOKo,Mimi,exact,recM5Lu5l2bW0iQ9R,Mimi,
recEBE9Ac9xlbsO8K,Noa,exact,recUi6PXmvR5oOOs0,Noa,
recEGyYAe20p8ygdi,Tristan,exact,rec7K8PihHIqgfHXx,Tristan,
recEJ20DWBT8gBWOJ,Grosgrain Ribbon ,unresolved,,,no_match
recESBAbI9T5OuW9m,Pippa,exact,rec3xWFZR0WKU43ca,Pippa,
recEUjGOcv2icvmKV,Wren,exact,recAgkJZLkOXQUDrM,Wren,
recEVCzwk9aXHoE7R,Guinevere,exact,recL8scFrmMiv8smc,Guinevere,
recEWsuW0hmdXwfeO,Talia,exact,recZTqPoXpCUJhuEh,Talia,
recEXFkPsFA4EWUf1,Gold Necklace with Wave pendant ,unresolved,,,no_match
recEc5eJysbhKLrZB,Esme,exact,recwleLHp6mQDhZBF,Esme,
recEeu0TxmRN4roD0,Mariela (No Train) - Pearl Rose ,fuzzy_prefix,recmhLkt4oUlvrd7f,Mariela,
recEf6EHrZuohBH1E,Isadora,exact,recUJZrsJrtrsqvVG,Isadora,
recEh747K7LiMXweG,Jack,exact,recmIop2VHlnneufI,Jack,
recEkuUYGaP4nknNW,Leith,exact,recG008wqw6KSORlw,Leith,
recEmo05X5lYmMkeU,Arabella,unresolved,,,no_match
recEnFN5DoKPkKJg7,Talulah Twill with malfroy drape,unresolved,,,no_match
recEo0nn7e8lBC5gH,Star Magnolia Earrings,exact,recrH9gwzmjoZcHhw,Star Magnolia Earrings,
recEoRhBbIKNbnUWw,Sasha,exact,recBCfoFXP3p3VPvf,Sasha,
recEpfbVcaq2dNfCz,Dylan  - Nude Lining,fuzzy_prefix,recdTdSlcrOfInrXu,Dylan,
recErWL2IafuOXbdS,Clay Flower Braoch- Pearl ,unresolved,,,no_match
recEw5od0hbP8wSRP,Piper ,exact,recQzIM2Cn2LolD1l,Piper,
recEzDhzT1xm0eNoa,Juniper Hand Painted,exact,recpEcojoZZdFdTi0,Juniper Hand Painted,
recF23DajxktBjrTa,Miriam - Cady,fuzzy_prefix,receEX64ZZgpaLECf,Miriam,
recF2UOTD8t6rvnvN,Theo,exact,recotsrMZST7JfVog,Theo,
recF2wsDyfii5wzn8,Milo,exact,recN2SWeARDQxLnWT,Milo,
recF3RwvLrk4EI3CW,Noemi,exact,rec0g1uAyI2HUZyVM,Noemi,
recF8Qy52Qmq5VDuw,Baroque Pearl Tassle Earrings,unresolved,,,no_match
recF8TZnUmGT3N9se,Veda (SW Twill),unresolved,,,no_match
recFCIuOLpEKFeQYs,Silver coated floral brooch ,unresolved,,,no_match
recFDaONM0QMkoEDw,Bex,exact,recxWhKt897hFttXK,Bex,
recFF9FsXSSk2L8li,Arlo,exact,recNhH6be6YDdVWH3,Arlo,
recFIAvjOu2uy8apF,Mimi,exact,recM5Lu5l2bW0iQ9R,Mimi,
recFJqtlcqNHCL6zM,Anika Bustier SW,unresolved,,,no_match
recFOGMopnE3PuYJS,Cheryl - Ivory,fuzzy_prefix,recMYOjRDTb2oyq2f,Cheryl,
recFQRbRVn8wIwPtw,Annelise,exact,recq0u7J58WUZTggO,Annelise,
recFTPMQQXhNneYtF,Grey,exact,rec3p2MUWsgeuZGtZ,Grey,
recFVA6pncgyXzi7o,Maeve Stole,exact,recM0ZLe7hgdMdQHI,Maeve Stole,
recFW1BCvUb8ifR1A,Trapunto headband,unresolved,,,no_match
recFX6ammWFrMKeiZ,Eloise,exact,recVqAapr3fXvONpt,Eloise,
recFbt20T6QrFcoqO,Simple Tulle Veil w/ Blusher,unresolved,,,no_match
recFd9BN0Gg3bAbkz,Jersey Headband White - NARROW,unresolved,,,no_match
recFecpmN8jq8QFg2,Laurel,exact,recTcdNkAX7djYzSI,Laurel,
recFfiHzG9XTtz7nO,Short Drop Veil- Maroon,unresolved,,,no_match
recFla894TZ0Kj600,Augusta,exact,rec1IOfXF4lyD07ns,Augusta,
recFvWsigLRFXvFaN,Satin Bound Cathedral Veil,unresolved,,,no_match
recGBO5P1U8bBmk1N,Arizona Pearls,unresolved,,,no_match
recGFR4uC7BtlH12U,Vivienne Chocolate,unresolved,,,no_match
recGFZ7agiUeo40lp,drop silver coated flower earring,unresolved,,,no_match
recGGL5sNA6t8PMku,Rosalie,exact,rec8ulL3dhbEGgRuF,Rosalie,
recGIGiqKEfNLBDG8,Tulum Pearls,unresolved,,,no_match
recGIbb96BydGMCuq,Talia,exact,recZTqPoXpCUJhuEh,Talia,
recGNEhgKMCLB2pMB,Lette,exact,recgiuQH3VWkCVDRV,Lette,
recGNqwL9taPHVXZy,Rouched Tulle Belt,unresolved,,,no_match
recGPL48HrcwoyrdA,Winona,exact,recAzOp32kyw1aIee,Winona,
recGPSHrJsXWMbKCG,Dan,exact,recwG3HBuw4OQIgcJ,Dan,
recGPhmhUjulLp6I1,Pleated Tulle Veil,unresolved,,,no_match
recGShEQGdW43kwRr,Painted Veil with Lillies (Collection X) ,unresolved,,,no_match
recGVnDdNsXzwNZlp,Mimi - Oxblood,fuzzy_prefix,recM5Lu5l2bW0iQ9R,Mimi,
recGbN02L3ymf90ma,Adena,exact,recMzRkBWxwd5nfgG,Adena,
recGcp4KL8wueVeVW,Eloise,exact,recVqAapr3fXvONpt,Eloise,
recGe9LVar7sxJ0lX,Chiara,exact,recbLMtgzmyk9vnoN,CHIARA,
recGjSN5QHEqn472w,Bernie,exact,recBOZl4uFnxJTk2Y,Bernie,
recGm1EMjJs8lpRSo,Edie ,exact,recETav1jBTQhyu33,Edie,
recGnQv5ZEpXjyf5n,Miriam - SW,fuzzy_prefix,receEX64ZZgpaLECf,Miriam,
recGnit9JNx1cFdrR,Mathilde,exact,rec4LWGktTBMVDA3e,Mathilde,
recGrUEeEuVdrCyWD,Arabella (Silk Wool),unresolved,,,no_match
recGtmvCudyh62zku,Maeve (Silver),fuzzy_prefix,recAjjJJAvliCQ3wi,Maeve,
recGv5pdfTr7LCptW,Sid/Viv Set - Pistachio,unresolved,,,no_match
recGwWfyil52CXdBv,Lena - Ivory,fuzzy_prefix,recoRslK5nW1Kzujh,Lena,
recGwurC4eD9g3F1Y,Simple Tulle w/ Lace,unresolved,,,no_match
recGxpVkLk3NQtIgw,Arizona - Black,unresolved,,,no_match
recGzLfZkHvMij5Qu,Anika,exact,recXbz8x8rlZ7jR3w,Anika,
recH0pqSu7pTvWni4,Arabella - Linen Organza,exact,rec7VZ0UTR9tIlXkx,Arabella - Linen Organza,
recH7RLkroIZwTCH3,Hannah,exact,recAvCNpJO3yFcYKF,Hannah,
recH9AjX5keVvtkfd,Scarlet,exact,recXCSf6qhzWZ5Fxn,Scarlet,
recHCdsxzuieDwl16,Chiara,exact,recbLMtgzmyk9vnoN,CHIARA,
recHCt4BMIxxC4PPX,Maeve Earing ,unresolved,,,no_match
recHKL9nYNizUSJ6u,Silk Wool Scarf,exact,recigEcZ25A6erHkL,Silk Wool Scarf,
recHMA6q11eqt08Rk,Noa,exact,recUi6PXmvR5oOOs0,Noa,
recHQiCnjJdGgJX65,Maeve Veil,unresolved,,,no_match
recHWoetmX0O4tqe7,Stella,exact,rechaa9IdNWTCxEad,Stella,
recHXKOv2BvGTCaAp,Tristan,exact,rec7K8PihHIqgfHXx,Tristan,
recHcCfghtSl5f12K,regular Mantilla Veil ,unresolved,,,no_match
recHgwTfFr66KYgWf,Talulah Twill with malfroy drape,unresolved,,,no_match
recHjkgA9UApMAG2F,Estelle - Pearl,fuzzy_prefix,recB8wEaJNdVcuTSY,Estelle,
recHnxXJ6b1U8sRMR,Chloe,exact,recYRjfAIXsXZYoNi,Chloe,
recHuVlejZhK2OgoD,Tulle Scarf,exact,recPVp6ae1L0cbtAB,Tulle Scarf,
recHxlAEcirLFEl1x,Phoebe,exact,recBcSTa721QmufCV,Phoebe,
recHyvA8sTWathWal,Nala,exact,reczsIFKqV3o5hGn9,Nala,
recI1qk1HnuAlIMEo,Short Drop Veil- Maroon,unresolved,,,no_match
recI4XhERrUQ6IKUL,Talulah Twill with malfroy drape,unresolved,,,no_match
recIHdu8eNmIYLv1g,Isabelle,exact,recbKgjUZWFUwgzqQ,Isabelle,
recII8N6mnGjMbftN,Sacae Pleated Veil,unresolved,,,no_match
recILVOG7ju6YyDWj,Charlie,exact,recgj6FFJK6KPkxpa,Charlie,
recIOlJeglgkXV2xB,Baroque Pearl Necklace ,unresolved,,,no_match
recIQevE4VTBtenph,Clara - Tulle,unresolved,,,no_match
recIRugyZK1vH4QqZ,Agnes,unresolved,,,no_match
recIVY4TUT98E4cdb,Suki (Silk Wool),fuzzy_prefix,recOl1CmDXPT5hRXq,Suki,
recIaoJL3UJx9uf1g,Large Clay Rose for Lena,unresolved,,,no_match
recIi5lIMXeWlFJJM,Dree,exact,recLQs4WNMmeiaJ5H,Dree,
recIin4PZDfr1X0eu,Malfroy Pleated Veil w/ Lace,unresolved,,,no_match
recIuhWAiAzEh4kMw,Rowan,exact,rec9OFOF0X3QNLy7X,Rowan,
recIuqlmdg0xOer6H,Mari Sleeves - Tulle,unresolved,,,no_match
recIwrP86IpulaVa4,Tassle Silk Bag Black,unresolved,,,no_match
recIyKxuHtzxOQDsZ,Nell,exact,recK05pHnW8lP2WYi,Nell,
recIzIlQLaVpUdEDe,Leighton,exact,reck4usoYPvUbGbkC,Leighton,
recIzukKG2A36Rqx7,Tassle Belt ,unresolved,,,no_match
recJ0chQmpdYc2Veh,Viola ,exact,recuBEHazg3gnJYlp,Viola,
recJ0h8IMXDtxuS8W,Priscilla Bustier,exact,recl4KEO8uetYosDe,Priscilla Bustier,
recJ2T4B95pefsRvS,Leighton (Strapless),fuzzy_prefix,reck4usoYPvUbGbkC,Leighton,
recJ48W8t89NLZOid,Cora,exact,recdMGOjzS4kMpsJz,Cora,
recJ6qZ3EMopM3U9D,Lois,exact,reco2O2V3XCaFe1aP,Lois,
recJBCyTJYpJb71IA,Marli,exact,recB6VsdaNoKE4x2q,Marli,
recJCmzbOtX2MkhI9,Georgia (Skirt),unresolved,,,no_match
recJDQTCXstJuFBNk,Desi,exact,recLAJiCmA2BSoDAT,Desi,
recJDups2nRujBtjc,Jersey headband Black - NARROW,unresolved,,,no_match
recJDxjfKGNUIoA3m,Cosette (Plum) ,fuzzy_prefix,rechwsAH5xHMMUqJf,Cosette,
recJELAuNGgkUFIaB,Vivienne Espresso,unresolved,,,no_match
recJEYEi8nQ0xuc5J,Nala,exact,reczsIFKqV3o5hGn9,Nala,
recJJNobNXbWlb7bH,Petra,exact,recmNRAdF1fAWbE40,Petra,
recJNIAuaWeA9ILk2,Alexandra,exact,recpof5BNU1oZ2XXc,Alexandra,
recJPVJD0cMkEl49g,Ralph,exact,reckKTglEsCECvKAk,Ralph,
recJSIsuEk8k3UAWB,River,exact,recE7PuEbafTFaecF,River,
recJY4bpTApkb6fUG,Noemi,exact,rec0g1uAyI2HUZyVM,Noemi,
recJYUiEa2fRkefJa,Devon ,exact,rec4EWE6O5J928Kny,Devon,
recJZ0jiy7Vy7E2h4,Priscilla,exact,recbxsVzXCfmZaH3Y,Priscilla,
recJi4c1TMvsNvmJe,Arden,exact,recYGqHXLqkc1PDlV,Arden,
recJiqR7uRNngbDQe,Nadia,exact,recUFyeujDT04ZK6a,Nadia,
recJknSHljGnLg2h5,Long Jersey Gloves ,unresolved,,,no_match
recJqsEPbhhajDpJo,Arabella - Linen Organza,exact,rec7VZ0UTR9tIlXkx,Arabella - Linen Organza,
recJvLrXmUXo7rLGP,Mari Sleeves - Tulle,unresolved,,,no_match
recJvaUOcq2KxHbmV,Emmaline,exact,recGFaeTvlzzWje8O,Emmaline,
recJyq9lAbh0tXcXd,Eloise,exact,recVqAapr3fXvONpt,Eloise,
recK1EeAdsfihcZT7,Silver floral face piece,unresolved,,,no_match
recK2IIlCZdDm3mKc,Laila,exact,rechNiLhuSUC9niaK,Laila,
recK2YDv9dG9bEVrD,Odette,exact,recHwv5IxC2EX36Sg,Odette,
recK5tNLYT2qcDyzk,Lounge Set (Long Sleeve) - BEIGE,fuzzy_prefix,rec3zZAmq7z3dWfgp,Lounge Set,
recK7FvAqNon9Xxhy,Sid/Viv Set - Lemon,unresolved,,,no_match
recKBYWBRXNXkZBum,Palma,exact,recZvewVUjXKZIKX8,Palma,
recKDrHeHVsGY9xK5,Short Tulle Veil,unresolved,,,no_match
recKTJ9mXiLIj4xUS,Arizona Pearls,unresolved,,,no_match
recKTySOqlGT9JnIW,Clara - Lace Applique,unresolved,,,no_match
recKfWHE6p7O3NtRB,Leighton (Strapless),fuzzy_prefix,reck4usoYPvUbGbkC,Leighton,
recKixkgGbhZWLaqw,Clara - Lace Applique,unresolved,,,no_match
recKjs4SLJILBUrwO,Simple Tulle Veil w/ Blusher,unresolved,,,no_match
recKpyXqPksJQjKCX,Mimi,exact,recM5Lu5l2bW0iQ9R,Mimi,
recKsJqcJvLK0c7F7,Camelia Fingertip Veil,unresolved,,,no_match
recKvzif2VxyK0Gnd,Pink Suede Gloves,unresolved,,,no_match
recKxzKQeqLLDgl6v,Charlie,exact,recgj6FFJK6KPkxpa,Charlie,
recKywQyMDdTDM3RP,Samira,exact,recOBHevYqDUp4dWJ,Samira,
recL2FU5gHPkDvtrL,Talulah Taffeta,exact,reclc78N65ZRP6tnD,Talulah Taffeta,
recL2GfwBaoANZidh,Sinclair,exact,recYfdTKee9kDTAmD,Sinclair,
recL4HB4nYUMJ1gDu,Mariela,exact,recmhLkt4oUlvrd7f,Mariela,
recL6WmBuqGEtq6aj,Edie ,exact,recETav1jBTQhyu33,Edie,
recLA9KcCtsKve8Mm,Python Belt,unresolved,,,no_match
recLAPoVk3vkVgnWG,Emerson,exact,recWi6TRIL11ez5h6,Emerson,
recLBSKFOuq49Tix2,Clara - Tulle,unresolved,,,no_match
recLCrynhzGVsgikB,Lounge Robe - WHITE,unresolved,,,no_match
recLF005RJMa9UhQt,BIRKENSTOCK PEARL CLUSTER TEARDROP EASSRINGS,unresolved,,,no_match
recLFze1Aa6KVekpr,Miriam,exact,receEX64ZZgpaLECf,Miriam,
recLGBQjJmqOtiC2p,Lylah,exact,recOnPjxhUOwzEFX9,Lylah,
recLIXvAPIHZZK0Dc,Harper,exact,receiWwANaOwpucTs,Harper,
recLNT8bOt1rJ7YtJ,Short Drop Veil- Pearl,unresolved,,,no_match
recLPoceJBjV9PEVn,Sadie,exact,recd70KSQgUwTqIwN,Sadie,
recLQUn2bvChucX7u,Satin Bound Cathedral Veil,unresolved,,,no_match
recLQwsd9jiDoDqxy,Suki (Velvet),fuzzy_prefix,recOl1CmDXPT5hRXq,Suki,
recLUtMmMgKKYLdVA,Veda - Silk Wool Twill,exact,recVJxEYexZibTC5O,Veda - Silk Wool Twill,
recLWg0dOzWA3jsL5,Pleated Malfroy & Lace Veil,unresolved,,,no_match
recLXknwTLUzlB82E,Blanche,exact,recTDA41w5sUqaChM,Blanche,
recLYq8ylspInkuen,Mila (nude),fuzzy_prefix,rect6GEvda51pdLdR,Mila,
recLfp4CSeJifm72Q,Juniper Printed Painted,exact,rec6ZzwJQM3SjwdCM,Juniper Printed Painted,
recLgFTArxg2Ckmvd,Anais,exact,recnz4i15L3uFmNKD,Anais,
recLgeLzQ5tc99Ej0,Miles SW,unresolved,,,no_match
recLnPQ2GLF3KJ42k,Otilly,unresolved,,,no_match
recLpx7sMuYyf898n,Ramona,exact,reccTD1EBVjXXQDJe,Ramona,
recLqBkQTLkgeuKOI,Pleated Cathedral Mantilla Veil,unresolved,,,no_match
recLsnYVsdiCrPYz6,Cathedral Pleated Tulle Veil,unresolved,,,no_match
recLtDXFVmqTuxcW1,Ella,exact,rec4rtUSGaOo3kzP7,Ella,
recLw0NiLRwmByuEQ,Fingertip Mantilla Veil,unresolved,,,no_match
recLybUl5XwjrZkaI,Meredith,exact,recqCkJOAnUIfJA3s,Meredith,
recM10KZNd5E98dDA,Mel,exact,recrx6fpvDU2sSQLh,Mel,
recM3OekUYfPeXDcQ,Dree,exact,recLQs4WNMmeiaJ5H,Dree,
recM6WXPhGe1rOVWN,Sacae Pleated Veil,unresolved,,,no_match
recM7vxppFV2swnoI,Macie,exact,recDyLxrbcbY9X4o5,Macie,
recMAvQTWDdmmoWqd,Pleated Tulle Veil,unresolved,,,no_match
recMB2XDt8GxDY58B,Samson ,exact,recju8NIDhlLWy1Gj,Samson,
recMIWzx6M58pEa81,Lounge Set (Short Sleeve) - BEIGE,fuzzy_prefix,rec3zZAmq7z3dWfgp,Lounge Set,
recMPHPuuPcMkANc5,Arabella,unresolved,,,no_match
recMTdQ0k0fzJSnzQ,Annabelle,exact,recFBxH66H0dyM33O,Annabelle,
recMVIVXxbCqsLtTF,Ella,exact,rec4rtUSGaOo3kzP7,Ella,
recMW4zzPtzxC6tPp,Lua (Chiffon),fuzzy_prefix,recXpqvYda4Rac7bd,Lua,
recMWg4SyU2jW8giB,Drew,exact,rec8XFdAbiTNzvDLV,Drew,
recMXy08Oa4ff3wrs,Alexandra,exact,recpof5BNU1oZ2XXc,Alexandra,
recMYIARowuMkfI8M,Iris Veil ,unresolved,,,no_match
recMYyHI5PyUsa1jx,Kaia,exact,recFzqDWRDbN0XZLj,Kaia,
recMgUE6T7lCrxpnb,Mariela (white),fuzzy_prefix,recmhLkt4oUlvrd7f,Mariela,
recMl3YEFGN6YHECn,Meredith,exact,recqCkJOAnUIfJA3s,Meredith,
recMmRutJAhcrwKEz,Patent Leather Belt with Gradient Pearl,unresolved,,,no_match
recMpXzoJxvBlT5m2,Milli,exact,reciAf0sZMPTPjvWj,Milli,
recMpiU0KaQXYgt4E,Rainey,exact,recLwmF1THTtHg6Hz,Rainey,
recMudckOdC5CcRyz,Satin Bound Cathedral Veil,unresolved,,,no_match
recMwJEv2s51f3xqR,Suki (Velvet),fuzzy_prefix,recOl1CmDXPT5hRXq,Suki,
recMxNYGcfkZ02Omr,Bex (SW),fuzzy_prefix,recxWhKt897hFttXK,Bex,
recMy6vTiHPmIFJvc,Maeve Veil,unresolved,,,no_match
recN1aHBwUzv1ovZJ,Suki (Silk Wool),fuzzy_prefix,recOl1CmDXPT5hRXq,Suki,
recN5MoOc9qVCaPRf,Theo,exact,recotsrMZST7JfVog,Theo,
recNGa7oqb4qheqWq,Sinclair,exact,recYfdTKee9kDTAmD,Sinclair,
recNHg8Sx5Kc0VMs6,Clara - Tulle,unresolved,,,no_match
recNIKsLfuSftuZjU,Alora,exact,rec3BRY793qUeQlqP,Alora,
recNIZFTx1Zi8aYgL,Andi,exact,rec8j6YygKpUISH5a,Andi,
recNK4VhDryxzRSQh,Dakota,exact,reciE0d8okAthYucL,Dakota,
recNKukF9twU4bLVy,Short Embroidered Wave Veil,exact,recnrapSYjza4wvmN,Short Embroidered Wave Veil,
recNN9SvooBSTvuUU,Drop Veil ,unresolved,,,no_match
recNQ6yuodxV1kvME,Dree,exact,recLQs4WNMmeiaJ5H,Dree,
recNQDcrFAGv3hyUl,Lois,exact,reco2O2V3XCaFe1aP,Lois,
recNU4sJxLTq7SZc3,Maude,exact,recE2TGjTOTrLTNcY,Maude,
recNW2GqQDJ609zp9,Pia,exact,recAp0iFg1W5Z2MPz,Pia,
recNZPcuc8r0EddtI,Clara - Tulle,unresolved,,,no_match
recNcGrWAeZIFJORg,Jaqueline,unresolved,,,no_match
recNiSaasJyamfGbW,Jade,exact,recfUWtZ5VR2yH0WI,Jade,
recNlI91oZXYMGgJn,Laila,exact,rechNiLhuSUC9niaK,Laila,
recNpovblUjphfunJ,Iris Veil ,unresolved,,,no_match
recNuwDNgCobb9LAj,Silk wool clutch with braided handle ,unresolved,,,no_match
recNvIMmtzCRGql5u,Anika Bustier SW,unresolved,,,no_match
recO63XAMp0u4Ixzk,Tulum Pearls,unresolved,,,no_match
recO9rIrLSVd4sjzI,Bruna,exact,recTtXnpWn3njbrtP,Bruna,
recOAHkDWhOPZDSkc,Dylan (Unlined),fuzzy_prefix,recdTdSlcrOfInrXu,Dylan,
recOBr93DGgRzMgbk,Macie,exact,recDyLxrbcbY9X4o5,Macie,
recOH8ef2nRgqdDoY,Presley,exact,reciG7tHyOS5aCr4m,Presley,
recOL6xk2uaKvLzgg,Fiona,exact,recyyrb3slPcbzmre,Fiona,
recOL8P9zXksnxKWp,Bex (SW),fuzzy_prefix,recxWhKt897hFttXK,Bex,
recOL95PDgbOOszP4,Alice,exact,recNEB9IF2PCpXXlE,Alice,
recOMNDkhDqFm0kRB,Skylar,exact,recM50thb73Bz0bFh,Skylar,
recON4QoBM5PGGzfW,Marlow,exact,recB7Otkun8htDdzj,Marlow,
recORrjJyWIgiGppK,Skylar,exact,recM50thb73Bz0bFh,Skylar,
recORyHytXnEucA40,Leighton,exact,reck4usoYPvUbGbkC,Leighton,
recOU9mPNEDbpvrEP,Mari,exact,recD8suABB4ZAiABO,Mari,
recOaPO36hy1yVGTa,Veda,unresolved,,,no_match
recOgUnl3HVQGTOrN,Cleo,exact,recuJELI9qdN1ysmi,Cleo,
recOgiZYsYWimHWlk,Penta Star Tiara,exact,recK3H7IbYAMQwH2s,Penta Star Tiara,
recOlqbbn1mbDgnqK,Scarlet,exact,recXCSf6qhzWZ5Fxn,Scarlet,
recOoVzOFcWq7ocDr,Pia,exact,recAp0iFg1W5Z2MPz,Pia,
recOogFKamKwf0Fea,Evelyn,exact,rec8tJPsT36BVARtf,Evelyn,
recOxfXTluONiN9Om,Rebecca,exact,recwzvKRP623sOz1H,Rebecca,
recOzsGxAKLi6unPb,Mimi - Oxblood,fuzzy_prefix,recM5Lu5l2bW0iQ9R,Mimi,
recP1jD7oSWqc69jF,Bernie,exact,recBOZl4uFnxJTk2Y,Bernie,
recP8MoG7SzbRu72Y,Leona,exact,recPbyQwimx0qzhin,Leona,
recPALA2v3GJXvIkE,Andi,exact,rec8j6YygKpUISH5a,Andi,
recPAgmHF5XGFHWRc,Dean (Unlined),fuzzy_prefix,rec4ohLegpYncgEyr,Dean,
recPHNjE1JOZPnwZP,Harper,exact,receiWwANaOwpucTs,Harper,
recPHwRQFGgiVe8kg,Miller,exact,recIJCB3BTVstnEXv,Miller,
recPM3Bpnv6X2Jpo4,Grey,exact,rec3p2MUWsgeuZGtZ,Grey,
recPMip2bMrjN6CqJ,Mariela (white),fuzzy_prefix,recmhLkt4oUlvrd7f,Mariela,
recPNTkdx6LIWgRzd,Mari Sleeves - Crinkle Chiffon,unresolved,,,no_match
recPNlRweaTzhS1uo,Mimi,exact,recM5Lu5l2bW0iQ9R,Mimi,
recPSzTA3wFFxSeCp,Mariela,exact,recmhLkt4oUlvrd7f,Mariela,
recPXS3VZYclYMtzn,Skylar,exact,recM50thb73Bz0bFh,Skylar,
recPYPuQfwdAKTFa0,Chrysanthemum Earrings,exact,recmL2nvrrZnycdO6,Chrysanthemum Earrings,
recPYTv9TCEPyu37y,Miriam - SW,fuzzy_prefix,receEX64ZZgpaLECf,Miriam,
recPd0RzclW7R3ZIo,Billie,exact,recm5G5AtqDVR5En6,Billie,
recPgoJj6seGesUGe,Pleated Cathedral Mantilla Veil,unresolved,,,no_match
recPgvZ1kfH2bQYAH,Suede Pink Gloves ,unresolved,,,no_match
recPjvWuhgkbT7aNm,Lette - Oxblood,fuzzy_prefix,recgiuQH3VWkCVDRV,Lette,
recPm5Hr3iaigil8c,Lette - Oxblood,fuzzy_prefix,recgiuQH3VWkCVDRV,Lette,
recPo0T9ynm4zcQKS,Lois,exact,reco2O2V3XCaFe1aP,Lois,
recPqVIqFdZXocNox,Pia,exact,recAp0iFg1W5Z2MPz,Pia,
recPqqEfTtuSuwym2,Bernie,exact,recBOZl4uFnxJTk2Y,Bernie,
recPuMuxsd2zfWzae,Malfroy Scarf ,unresolved,,,no_match
recPubGd1TkuemzaS,Josephine,exact,rec6f6SNp2DLy815z,Josephine,
recPvePs2n3lE9TcH,Dylan,exact,recdTdSlcrOfInrXu,Dylan,
recPvzvbUd5SB0lzi,Gale,exact,recRrrtNVmQmlqYDO,Gale,
recQ1DERVzhnj1BSr,Dottie,exact,recgdTlDCsjXDSu4j,Dottie,
recQCYOT0IvPTkA0i,Collins,exact,recFogTsZskrWXOaz,Collins,
recQEH1vbnqjr06a3,Alice,exact,recNEB9IF2PCpXXlE,Alice,
recQKL5cjGJH8W3Gm,Riley,exact,recZLU6IJGf8qL4Cs,Riley,
recQTuGXsuxkPA2wM,Rachel Ivory,unresolved,,,no_match
recQUEy9tLpDrmT5G,Nymphia Tiara ,exact,recZRaJPrm7dlSeFN,Nymphia Tiara,
recQVGB50WCdxQbFG,Charlie,exact,recgj6FFJK6KPkxpa,Charlie,
recQYFACuiKQgrcHe,Leighton,exact,reck4usoYPvUbGbkC,Leighton,
recQeUHYEfmHcsGyP,Anais,exact,recnz4i15L3uFmNKD,Anais,
recQgrIk8Goaia9cH,Rumi Printed Painted,exact,recxUgDKXE2E2e4yW,Rumi Printed Painted,
recQr3ExBICVEZlrm,Pauline,exact,recwuMNgShYLo2MNY,Pauline,
recR4AYIcZr2IqihD,Simone,exact,recomZIUOT863k2rp,Simone,
recR8Ggt9yEuqaBcs,Gold Necklace with Wave pendant ,unresolved,,,no_match
recR9XrJOMf0uriAZ,Maeve,exact,recAjjJJAvliCQ3wi,Maeve,
recREx6KjnROic8qo,Sinclair,exact,recYfdTKee9kDTAmD,Sinclair,
recRRvCUpPA9WWvBL,Arabella (Silk Wool),unresolved,,,no_match
recRYmAJGO5bcsOLp,Collins,exact,recFogTsZskrWXOaz,Collins,
recRZzUPM3pV7OTvq,Camille,exact,recc2leJaVZp0QmGL,Camille,
recRbXcqVWYWlsSnQ,Milli,exact,reciAf0sZMPTPjvWj,Milli,
recRcC2VpZLVsF6cC,Mathilde,exact,rec4LWGktTBMVDA3e,Mathilde,
recRdGPy0PyfOtTOD,Evie,exact,recPkANMC80TTCMUq,Evie,
recReaIWcfoMMixrg,Juniper Hand Painted,exact,recpEcojoZZdFdTi0,Juniper Hand Painted,
recRetiMJSDIQQ576,Reese Silk Gauze,exact,recUtXso5deohYzyU,Reese Silk Gauze,
recRfTkAwfKJyoR7m,Madrid Lace,unresolved,,,no_match
recRhusrZBXgk6fRX,"Twisted Agapanthus Tiara
",exact,recZbPP7q9igEQYLc,Twisted Agapanthus Tiara,
recRlQJ1r4cYN6cHo,Lisbette,unresolved,,,no_match
recRlc1yoDq6Pwkv0,Liv,exact,recA7WA8rfTy5ypQY,Liv,
recRmH7muAP2dk8dA,Georgia Skirt,exact,recZ4m1rUgrsjqi5S,Georgia Skirt,
recRvLEJjIeVl87u7,Rowan,exact,rec9OFOF0X3QNLy7X,Rowan,
recRvaWiImonaOqFe,Arden,exact,recYGqHXLqkc1PDlV,Arden,
recS8Zs4WkVnnCGeM,Mimi - Oxblood,fuzzy_prefix,recM5Lu5l2bW0iQ9R,Mimi,
recSC4k2Eujqo7OOb,Piper ,exact,recQzIM2Cn2LolD1l,Piper,
recSFLIEVVilULcdE,Henley,exact,recsMTKS3eSXOWCJI,Henley,
recSNmzKL4spzVPBO,Viola ,exact,recuBEHazg3gnJYlp,Viola,
recSP49f6LBKjEaod,Wild olive Tiara ,exact,reco9laM92jItSU2J,Wild Olive Tiara,
recSUI7nZZcLELvVl,Miles SW,unresolved,,,no_match
recSXbZ192nS3GgXr,Alice,exact,recNEB9IF2PCpXXlE,Alice,
recSXtq2zhya8zgYf,Tabitha Blue,unresolved,,,no_match
recSewmo382hRynHJ,Harris (Plum) - No flowers or train,fuzzy_prefix,recXNAE1tp4RvLzlC,Harris,
recSlbmGmMrhbdATk,Raphaella ,exact,recUHhPlkibyIYgRd,Raphaella,
recSuOvl2XI87JPTd,Ramona,exact,reccTD1EBVjXXQDJe,Ramona,
recSwkjeRfQsJDj9J,Jaqueline,unresolved,,,no_match
recSy3ufEvcEwjWqR,Clara Tulle,exact,rec92qrBHhyLNul3Z,Clara Tulle,
recSyJ8hc8IYeduEB,Jersey headband Black - WIDE,unresolved,,,no_match
recSyf8pw7EvYYqcG,Arizona - Black,unresolved,,,no_match
recTBcpcf0eqtD1ja,Veda,unresolved,,,no_match
recTECz4st5jFMDlx,Leona,exact,recPbyQwimx0qzhin,Leona,
recTGHSokP7e7mOiY,Ford,exact,rec0MdmgAWj14dn9B,Ford,
recTIA7ruKKXRanv3,Camille,exact,recc2leJaVZp0QmGL,Camille,
recTRNj0fyJz3GDbx,Short Drop Veil- Pearl,unresolved,,,no_match
recTWRejCeZtGBe79,Samara,exact,recRLrmCkI3l2J927,Samara,
recTX63bD1evUJibe,Theo,exact,recotsrMZST7JfVog,Theo,
recTbq6OjoR6I3s09,Rachel Ivory,unresolved,,,no_match
recTeTEjjU9NiEawW,Sutton,exact,recq1utqhe10lgOkS,Sutton,
recTeow9vWAkgag4Q,Hollis,exact,rec4RarBK3Gthi45w,Hollis,
recTifuXk1b0DcS2V,Georgia (Skirt),unresolved,,,no_match
recTlTMvQO7zE6cyV,Camelia CATHEDRAL Veil,unresolved,,,no_match
recTo8pweaTXXXsjt,Piper,exact,recQzIM2Cn2LolD1l,Piper,
recTrFXfHCf7GGpdJ,Camelia CATHEDRAL Veil,unresolved,,,no_match
recTrLQznnCJdb5tW,Viola ,exact,recuBEHazg3gnJYlp,Viola,
recTshkrG3Ctf3sB5,Sacae Pleated Veil,unresolved,,,no_match
recTvlGTt6L9aQyVK,Augusta,exact,rec1IOfXF4lyD07ns,Augusta,
recTzWhyYqfbyDgCp,Clay Flower Braoch- Pearl ,unresolved,,,no_match
recU1b3AKYjfgycNJ,Jack,exact,recmIop2VHlnneufI,Jack,
recU5L0QRluoRzynu,Drew,exact,rec8XFdAbiTNzvDLV,Drew,
recU5fSPgTqP4a5cS,Chloe,exact,recYRjfAIXsXZYoNi,Chloe,
recU6fGpc2Zx3g9F9,Edie ,exact,recETav1jBTQhyu33,Edie,
recUAsSw48esmJEqU,Henley,exact,recsMTKS3eSXOWCJI,Henley,
recUDLLs0CHf3Wivl,Dan,exact,recwG3HBuw4OQIgcJ,Dan,
recUE85an4t5SGoh8,Rae,exact,reckqg7qJmsO56HNs,Rae,
recUEZlnVkkXmlZj4,Veda (plum),unresolved,,,no_match
recUEvNTnAjkbOvJF,Kaia,exact,recFzqDWRDbN0XZLj,Kaia,
recUKxXuyL33scD1r,Cosette,exact,rechwsAH5xHMMUqJf,Cosette,
recUOzeZ0OG2YPfHe,Tabitha,exact,rec1ttlejT9zBBbe6,Tabitha,
recUP02wH4k1eG7KM,Pleated Tulle Cape,unresolved,,,no_match
recUPHI4hfu8sKpkS,Priscilla,exact,recbxsVzXCfmZaH3Y,Priscilla,
recURziAHaUwqf2Ws,Dakota,exact,reciE0d8okAthYucL,Dakota,
recUTQM5CQWKy7LeR,Luna,exact,rec0gtwTNOvljZkRy,Luna,
recUUCI068bmJSKr1,Winnie,exact,recS4QvPmAGvbhbN3,Winnie,
recUcY3gNinI4UUAN,Camille,exact,recc2leJaVZp0QmGL,Camille,
recUhB5LUxxh5k20Y,Maeve (Silver),fuzzy_prefix,recAjjJJAvliCQ3wi,Maeve,
recUlL3JslhZm4swk,Tabitha,exact,rec1ttlejT9zBBbe6,Tabitha,
recUtGW451OohGlQx,Laila,exact,rechNiLhuSUC9niaK,Laila,
recUuVlpJUXmkX4Uo,Beatrice - Nude,fuzzy_prefix,rec2l2yQGkfi0HUJs,Beatrice,
recUy8AYcRFk0BPjR,Priscilla Bustier,exact,recl4KEO8uetYosDe,Priscilla Bustier,
recV3ElAgfbxGSmxH,Juno,exact,recHy3tpintCiGHis,Juno,
recV8RfVlNbLUxXWz,Luna,exact,rec0gtwTNOvljZkRy,Luna,
recVAJ5LXB6hFd4zQ,Blanche,exact,recTDA41w5sUqaChM,Blanche,
recVAlmGRSIRyrQdg,Isadora,exact,recUJZrsJrtrsqvVG,Isadora,
recVBLR9FjgNZWXmJ,,unresolved,,,blank_legacy_name
recVE9l2OEMnNl52q,Celia,exact,recM2GbBQCUyfQ8OK,Celia,
recVECqEMPpYnKorb,Josephine,exact,rec6f6SNp2DLy815z,Josephine,
recVEabmLtVZ2vgtm,Tassle Belt ,unresolved,,,no_match
recVG1pA0tPYkC64Z,Josephine (inccorret),fuzzy_prefix,rec6f6SNp2DLy815z,Josephine,
recVI0gxIvbwuu55V,Lette - Oxblood,fuzzy_prefix,recgiuQH3VWkCVDRV,Lette,
recVLrVQRLLS1nO3x,Vittoria,exact,rec4zKuv76i2BtHDb,Vittoria,
recVSvkv6AUMMAyXG,Fingertip Mantilla Veil,unresolved,,,no_match
recVUvCvnnGYe4WK7,Odette,exact,recHwv5IxC2EX36Sg,Odette,
recVamhTNBrBGcwAW,Milo w/ Lace & Wattaeu,unresolved,,,no_match
recVdvejm5LsakABO,Rumi (SW) ,unresolved,,,no_match
recVhlLrIKxjBktCS,Kira,exact,recJ44hsCUsO5qKFp,Kira,
recVjeyRPdpwSkc3r,Leona,exact,recPbyQwimx0qzhin,Leona,
recVlftm3nksiSMZg,Lounge Set (Long Sleeve) - ICE BLUE,fuzzy_prefix,rec3zZAmq7z3dWfgp,Lounge Set,
recVpeywJaQiiCoUP,Isadora,exact,recUJZrsJrtrsqvVG,Isadora,
recVqNeCjqOKmG3E2,Charlie,exact,recgj6FFJK6KPkxpa,Charlie,
recVqUih7sItfghLT,Winona Pearl Headband ,unresolved,,,no_match
recVs9qq9hrToKv5W,Pia,exact,recAp0iFg1W5Z2MPz,Pia,
recVt5d5hTzObJKOk,Wild olive Tiara ,exact,reco9laM92jItSU2J,Wild Olive Tiara,
recVx8zs0bATCaUPa,silver coated flower earring- Daisy ,unresolved,,,no_match
recVyAOWlQSUrcAmP,Arlo (incorrect),fuzzy_prefix,recNhH6be6YDdVWH3,Arlo,
recVyGcFc6SlCanPr,Tulum Pearls,unresolved,,,no_match
recW1Ldnnl1VfnAta,Cordelia,exact,rec2eM3YrixGwxrUq,Cordelia,
recW7b17IkseLqUXK,Charlie (Dahlia) ,fuzzy_prefix,recgj6FFJK6KPkxpa,Charlie,
recW8JQ7h5TSo7mtW,Rumi (Printed Painted) ,unresolved,,,no_match
recWB0A82O08rAbT1,Tristan,exact,rec7K8PihHIqgfHXx,Tristan,
recWB5OlIukcxxduI,Alexandra,exact,recpof5BNU1oZ2XXc,Alexandra,
recWCF8GEkjLSqsCf,Mae,exact,recnkF410eO1SCNF1,Mae,
recWIBJIubxhrgYJB,Ella,exact,rec4rtUSGaOo3kzP7,Ella,
recWIDEVRIRZHVo17,Rory,exact,recA3qrQc5c5e9jaT,Rory,
recWKp4OjHDC2MjUa,Star Magnolia Earrings,exact,recrH9gwzmjoZcHhw,Star Magnolia Earrings,
recWM78Utup0CwqYF,Liv,exact,recA7WA8rfTy5ypQY,Liv,
recWN2YxT4hGwF4cC,Demi (printed/painted) ,unresolved,,,no_match
recWOvKeI1Hc37w1g,Devon,exact,rec4EWE6O5J928Kny,Devon,
recWP48CBsnbcXNK5,Rainey,exact,recLwmF1THTtHg6Hz,Rainey,
recWPAFM7KnL2hZGe,Priscilla,exact,recbxsVzXCfmZaH3Y,Priscilla,
recWTCaE9zLbiPLVR,Micah,exact,recacjKln1BO9LXPZ,Micah,
recWW3G9vZE0w57Y6,Bex Tissue Taffeta,exact,recHlgQQMIIJPknuu,Bex Tissue Taffeta,
recWWLHvMV8fRQcFI,Brown Calfskin Belt,unresolved,,,no_match
recWWkUCWJx1YXDfw,Coty-Taffeta - Ivory,fuzzy_prefix,rec1lLHhlxUtLxfhl,Coty,
recWaGtCPVgmVsQoF,silver coated flower earring- Daisy ,unresolved,,,no_match
recWbW6IN2UtYRs6d,Madrid Lace,unresolved,,,no_match
recWbZs5mmNywXrrM,Rhodora,exact,recWIPu6tLuV5Mldm,Rhodora,
recWdV1i8M372fo8J,Vivienne,exact,recbFb9nHhoG7xIH9,Vivienne,
recWdrskqpQNhsPsb,Priscilla Bustier,exact,recl4KEO8uetYosDe,Priscilla Bustier,
recWgFyjRn8vuEazs,Samson ,exact,recju8NIDhlLWy1Gj,Samson,
recWgY3ZkE8wFYoJ5,Mari Sleeves - Tulle w/ Lace Applique,unresolved,,,no_match
recWhOUvI56hzXgdM,Scarlet,exact,recXCSf6qhzWZ5Fxn,Scarlet,
recWmT9ru0S1UAeM7,Luella,exact,recywYZqKkzUNz0mV,Luella,
recWpbD48DjnMiksr,Serena,exact,rec8RTS6FI1OHUk9Z,Serena,
recWqLLW9gF2eA22B,Veda (SW Twill),unresolved,,,no_match
recWx6RvtIvZ6qpt6,Rachel,exact,recUQGwHWUa3TLNCK,Rachel,
recX1GB73L1Fxtm4m,Bex (Taffeta),fuzzy_prefix,recxWhKt897hFttXK,Bex,
recX1VY1eZrXRPFkJ,Adena,exact,recMzRkBWxwd5nfgG,Adena,
recX8giCDhn5DAIrL,Clara Tulle with Lace Appliqué,exact,recvtGogT3FMiwLwD,Clara Tulle with Lace Appliqué,
recX9TqU1b5N2hxLE,Lola - Light Ivory,fuzzy_prefix,reczApOBQdDkCMLTn,Lola,
recX9hSkItsQYu86M,Anika Bustier Cotton Twill,exact,recRXkPa4ScAEvkW9,Anika Bustier Cotton Twill,
recXA0TzCmkkaxN5F,Miriam - SW,fuzzy_prefix,receEX64ZZgpaLECf,Miriam,
recXA2eYY7b2qLVfq,Odette,exact,recHwv5IxC2EX36Sg,Odette,
recXCjFgxWbVHxwWa,Wavy Lace Belt,unresolved,,,no_match
recXF1n7Yw06uZrB4,Beatrice - Nude,fuzzy_prefix,rec2l2yQGkfi0HUJs,Beatrice,
recXHR5RjOKx3T1Ha,Tristan,exact,rec7K8PihHIqgfHXx,Tristan,
recXHZiay286Ry326,Genevieve,exact,rec75R0emNqBnnCJ2,Genevieve,
recXIEn6L2CaHibrS,Rainey,exact,recLwmF1THTtHg6Hz,Rainey,
recXJ6KmtwRJTitHG,Mackenzie,exact,recbSnZa9XpScdytK,Mackenzie,
recXJY4VaHY2sHuHC,Mari Sleeves - Tulle,unresolved,,,no_match
recXRKjabsMUzusUp,Luna,exact,rec0gtwTNOvljZkRy,Luna,
recXUA7oWKMAviXOo,Jack,exact,recmIop2VHlnneufI,Jack,
recXUiekbkNhMV2b8,Mari,exact,recD8suABB4ZAiABO,Mari,
recXYcgCG2iehBJkf,Clover,unresolved,,,no_match
recXdSZT7zdsCAKvL,Fiona,exact,recyyrb3slPcbzmre,Fiona,
recXdiUMKx7gNJOOS,Dylan - Ivory Lining ,fuzzy_prefix,recdTdSlcrOfInrXu,Dylan,
recXeh2WROEajA8fz,Simple Tulle XL Veil,unresolved,,,no_match
recXeopLSpWZxoWbh,Pleated Tulle Overlay ,unresolved,,,no_match
recXfmTu2xdQlyCKB,Henri,exact,recSUGpIy5Kmqh8nm,Henri,
recXhfTsiNVeYO05a,Arabella,unresolved,,,no_match
recXjhIOrI6tQieqs,Lette,exact,recgiuQH3VWkCVDRV,Lette,
recXkQHL5CmHuxvJc,Everett,exact,rec3MbXkRuSAuRzBk,Everett,
recXm4jbzUPjeZ45H,Milli,exact,reciAf0sZMPTPjvWj,Milli,
recXpR1WMzD347npr,regular Mantilla Veil ,unresolved,,,no_match
recXsgZG0MiT04SpS,Inez,exact,rechaFIjl1aRNbmMI,Inez,
recXu6myQEX5gEDa1,Rory,exact,recA3qrQc5c5e9jaT,Rory,
recXumLk5Pph67Ks2,Silk Wool Scarf,exact,recigEcZ25A6erHkL,Silk Wool Scarf,
recXuyt7V7pgseM1f,Belt with Large Pearls,unresolved,,,no_match
recY7lbnAfzvPmjY4,Verona,unresolved,,,no_match
recYAoTkIksHc9SEL,Raphaella,exact,recUHhPlkibyIYgRd,Raphaella,
recYAzPfLAeypLl1W,Silk wool clutch with braided handle ,unresolved,,,no_match
recYDcIrANix23RwE,Fischer,exact,recPLzpPoqLt0FnO3,Fischer,
recYEpN0rhpKh0SqV,Eloise,exact,recVqAapr3fXvONpt,Eloise,
recYF5nv8qNXnqav1,Wavy Lace Belt,unresolved,,,no_match
recYIkltmHTSduxzh,Coco,exact,recVnAvrid8mUAgaR,Coco,
recYIl9eLKisqS2sE,Talulah,unresolved,,,no_match
recYMnQ0uL81kpIRS,Tassle Belt ,unresolved,,,no_match
recYN6HKhuNhcrHeJ,Cathedral Mantilla Veil,unresolved,,,no_match
recYNt7XZiN2zB7QB,Tassle Belt ,unresolved,,,no_match
recYOJ1BtuPbYmYzZ,Pleated Tulle Veil,unresolved,,,no_match
recYY01sbV15Yd2Xz,Viola,exact,recuBEHazg3gnJYlp,Viola,
recYZzeO6IX2wNjFE,Liv,exact,recA7WA8rfTy5ypQY,Liv,
recYaWZ5DKOfvQ3Po,Winnie,exact,recS4QvPmAGvbhbN3,Winnie,
recYbbA9AeHnlQ7ib,Milli,exact,reciAf0sZMPTPjvWj,Milli,
recYkN0zKBnvbDX67,Desi (printed/painted),fuzzy_prefix,recLAJiCmA2BSoDAT,Desi,
recYpACZxLuAMwyZc,Josephine,exact,rec6f6SNp2DLy815z,Josephine,
recYtcXHOUNR1TkQM,Pia Strapless,exact,recH93NYKHOCsnVy2,Pia Strapless,
recZ1qUmSyaMKacWa,Leona,exact,recPbyQwimx0qzhin,Leona,
recZ3hnVESXKS52ZD,Phoebe,exact,recBcSTa721QmufCV,Phoebe,
recZ6no8IuLRnRCc9,Mariela dew,unresolved,,,no_match
recZ8e08GqLtjTzAs,Hankerchief Veil,unresolved,,,no_match
recZ8qt56D1n3YP9y,Taylor,exact,recd3W7ApFoKj7eCp,Taylor,
recZ9fZmKXZp28TBc,Simple Tulle XL Veil,unresolved,,,no_match
recZDa6fzTT0c0Cay,Juno,exact,recHy3tpintCiGHis,Juno,
recZDcs0VES2ur4uR,Dean (Unlined),fuzzy_prefix,rec4ohLegpYncgEyr,Dean,
recZLrLP7TXpqSSa1,Mackenzie,exact,recbSnZa9XpScdytK,Mackenzie,
recZNu1cdvwUAQQ5t,Rouched Tulle Belt,unresolved,,,no_match
recZOt81MqfsK3Ins,Anika Bustier,exact,rec9Yce2lfBqxybjU,Anika Bustier,
recZPcao3wQorBHu2,Yara,exact,recX1jZfgmhltX0tV,Yara,
recZTUc8dCVK2skDs,Agnes (SW) (Twill),unresolved,,,no_match
recZXCKCHJxai3kAs,River,exact,recE7PuEbafTFaecF,River,
recZXp1VHBPbHEJ76,Winnie,exact,recS4QvPmAGvbhbN3,Winnie,
recZc336hTCNFl2Ao,Raphaella ,exact,recUHhPlkibyIYgRd,Raphaella,
recZfM9l0R1gwjAdi,Pleated Tulle Veil,unresolved,,,no_match
recZhSMA2eyvXWm0w,Lounge Robe - BEIGE,unresolved,,,no_match
recZv5dIrNjSQUltc,Nina,exact,recm7PpLM9wscuWmN,Nina,
reca0AX9Z742fuXeK,Cynthia,exact,recLx4owWqgNnyNVK,Cynthia,
reca2ZiOzRKNje8eT,Eloise,exact,recVqAapr3fXvONpt,Eloise,
reca3L8SYduBA22BN,Clara - Tulle,unresolved,,,no_match
reca5boUwlVFyikfR,Winnie,exact,recS4QvPmAGvbhbN3,Winnie,
reca6o7lKA7TSAY4s,Demi,unresolved,,,no_match
reca9JH72GeQSPaKy,Sadie,exact,recd70KSQgUwTqIwN,Sadie,
recaAhbizcmafgWwr,Scarlet,exact,recXCSf6qhzWZ5Fxn,Scarlet,
recaKvgMU173buzE6,Tina,exact,recAnbQwgqRt96lwR,Tina,
recaMICj2fdRY2e4A,Stella,exact,rechaa9IdNWTCxEad,Stella,
recaOMtDvBOFtpGaQ,Freja Veil,exact,recw7jrygiVG8jxCx,Freja Veil,
recaOoXm3t7Pc4iA2,Petra,exact,recmNRAdF1fAWbE40,Petra,
recaTh0EgHNyuWgIe,Anika,exact,recXbz8x8rlZ7jR3w,Anika,
recaVRUpX1EmtBK3D,Willow,exact,recg83Qfo7sAh6ytg,Willow,
recaXFomErCwPOdr4,Luella,exact,recywYZqKkzUNz0mV,Luella,
recaaISJEBiFvksid,Pleated Tulle Veil,unresolved,,,no_match
recafAjIm1ILdTanX,Lounge Set (Short Sleeve) - ICE BLUE,fuzzy_prefix,rec3zZAmq7z3dWfgp,Lounge Set,
recajz856NPOFVWtn,Lounge Robe - ICE BLUE,unresolved,,,no_match
recakna7DMTD6qiRb,Alora IVORY,unresolved,,,no_match
recalT3ygyvtFYJuV,Marcel,exact,rec1emIGaUtHLoAk3,Marcel,
recana5HFYizSKY1E,Eloise,exact,recVqAapr3fXvONpt,Eloise,
recaoZFm4pOwVFBnj,Winona ,exact,recAzOp32kyw1aIee,Winona,
recaotpqu6jjC3cLh,Agnes Hand Painted,exact,recdFsyB43Ei6Ofku,Agnes Hand Painted,
recapFGoLnz1qgnPJ,Juniper - Silk Wool Twill ,unresolved,,,no_match
recaqooG0j3bjUUCk,Gold Chain and Pearl Necklace ,unresolved,,,no_match
recasYI7OWRgErEyX,Annie,exact,rec2SpJn0Ds36fNVR,Annie,
recatTJmDNbJTmYBF,Mari Sleeves - Crinkle Chiffon,unresolved,,,no_match
recatxcEiRc1SNeI2,Lena - Oxblood,fuzzy_prefix,recoRslK5nW1Kzujh,Lena,
recawA05hWC5RM6SI,Liv,exact,recA7WA8rfTy5ypQY,Liv,
recazHs9OwvlEbDre,Jo - Fawn,fuzzy_prefix,recRXxc1zZqg8nMf2,Jo,
recb0ti5aRzovLDqb,Veda - Silk Wool Twill,exact,recVJxEYexZibTC5O,Veda - Silk Wool Twill,
recb3llbVbmYRfp9O,Lounge Set (Short Sleeve) - WHITE,fuzzy_prefix,rec3zZAmq7z3dWfgp,Lounge Set,
recb5p0Wwnlxtp66f,Esme,exact,recwleLHp6mQDhZBF,Esme,
recb62B60mlQP1AH6,Arden,exact,recYGqHXLqkc1PDlV,Arden,
recbF4ypObhX1PuPY,Short Beaded Wave Veil ,exact,recKhAVU31OliH0SE,Short Beaded Wave Veil,
recbH9KzR6pQJxv3B,Mia,exact,recJyvJ4CbRh8A32D,Mia,
recbKefgF2Vhe3jpq,Nina,exact,recm7PpLM9wscuWmN,Nina,
recbMclv5kdWXMhCV,Charlie,exact,recgj6FFJK6KPkxpa,Charlie,
recbNbWzRMACjbTJU,Nina,exact,recm7PpLM9wscuWmN,Nina,
recbRcfGzr5rOLi0X,Painted Veil with Lillies (Collection X) ,unresolved,,,no_match
recbStXa514ghsrF0,Arlo,exact,recNhH6be6YDdVWH3,Arlo,
recbZW6Qh9mX7TbQ7,Clover,unresolved,,,no_match
recbZhYaNLmhZGs0R,Mari Sleeves - Silk Wool ,unresolved,,,no_match
recbepSOgbkPEnEJL,Talulah,unresolved,,,no_match
recblx1WvKGvXX8To,Rainey,exact,recLwmF1THTtHg6Hz,Rainey,
recbq155VLMGYJSFG,Milo w/ Lace & Wattaeu,unresolved,,,no_match
recbre5OMDOumlPt2,Pia,exact,recAp0iFg1W5Z2MPz,Pia,
recbvkqUkBWD2XMJp,Etta,exact,recGZqFVqNc2D9tZP,Etta,
recbxmFwPndleRlKs,Scout (Top),unresolved,,,no_match
recby3EXq0ftxeUbt,Clay Flower Braoch- Mist ,unresolved,,,no_match
recc5RfEYriDUgjST,Celia,exact,recM2GbBQCUyfQ8OK,Celia,
recc5XS5INnQAlD2d,Python Belt,unresolved,,,no_match
recc6L5IH9AJkc80z,Daphne ,exact,recRqZkbghXvoY5ZD,Daphne,
recc8dSKFnUouf6ew,Arizona Pearls,unresolved,,,no_match
recc90ZBxrdbLza8d,Arizona Pearls,unresolved,,,no_match
reccBZ4W1mxapeQ6C,Ivy,exact,recTnbSxW6fZNWqF2,Ivy,
reccCYyXcSSh7vhID,Lylah,exact,recOnPjxhUOwzEFX9,Lylah,
reccHBxRL0uy8rn4B,Rory,exact,recA3qrQc5c5e9jaT,Rory,
reccIbsjlXwbJ7IEa,Bernie,exact,recBOZl4uFnxJTk2Y,Bernie,
reccKMsiTvBunrIN5,Penelope,exact,recVhlADgtHRIYlZf,Penelope,
reccMMOZ2wAva9Bgm,Priscilla,exact,recbxsVzXCfmZaH3Y,Priscilla,
reccOF69Ka5Q9zJxh,Georgia (Skirt),unresolved,,,no_match
reccOHc0lNezGUZh3,Georgia (Bustier),unresolved,,,no_match
reccP3ZUGAL739NvN,Talulah,unresolved,,,no_match
reccPTThdlRPrtWBI,Mari Sleeves - Crinkle Chiffon,unresolved,,,no_match
reccQiydfEkGgOXjT,Mari Sleeves - Crinkle Chiffon,unresolved,,,no_match
reccSGG9R97oeOWzN,Harris (Plum) ,fuzzy_prefix,recXNAE1tp4RvLzlC,Harris,
reccYBdMNUJhX3RDA,Lana,exact,rect5KJS70q712OFi,Lana,
reccb0Sgs3Fls86ac,Vivienne,exact,recbFb9nHhoG7xIH9,Vivienne,
recciAVcN9yGboE1k,Annie,exact,rec2SpJn0Ds36fNVR,Annie,
reccji6rbBmFWQ5Pe,Pleated Malfroy & Lace Veil,unresolved,,,no_match
recclPrvtLZYITNLX,Odette,exact,recHwv5IxC2EX36Sg,Odette,
reccv2qDdzKIusGhf,Clay Floral Spritz,unresolved,,,no_match
reccysBzoNHhSKPfd,Pippa,exact,rec3xWFZR0WKU43ca,Pippa,
recd10x2yTgEJT5JT,Samson ,exact,recju8NIDhlLWy1Gj,Samson,
recd1VizGwkeehkHa,Talulah Twill with malfroy drape,unresolved,,,no_match
recd2XLEUJ8wGkHYS,Theo,exact,recotsrMZST7JfVog,Theo,
recd6jj0RcRwvvvwI,Yara,exact,recX1jZfgmhltX0tV,Yara,
recdAGY44lcgCsgyT,Tulle Scarf,exact,recPVp6ae1L0cbtAB,Tulle Scarf,
recdPiZGwkxgl8AjL,Demi,unresolved,,,no_match
recdR3yweVECZpHMs,Arielle,exact,rec25c3UjatGXJYav,Arielle,
recdUPn2xyvt5y9lV,Sinclair,exact,recYfdTKee9kDTAmD,Sinclair,
recdVXlZCVz3HvSqP,Miles ,unresolved,,,no_match
recdWLqspNgnUeUAr,Esther,exact,rec0kVGJKxoWOjf7m,Esther,
recdZCaoD2dtKwMGV,Arabella,unresolved,,,no_match
recdaTOwxcIczxjNP,Fischer,exact,recPLzpPoqLt0FnO3,Fischer,
recddEcwjSMeTNqnO,Veda - Linen Organza,exact,recgJvYcfu5VJRFR4,Veda - Linen Organza,
recddYbVQMbslsg03,Pleated Tulle Veil with lace ,unresolved,,,no_match
recdkDZBp4c539fQf,Sadie,exact,recd70KSQgUwTqIwN,Sadie,
recduKr5jiKddXXfn,Lounge Robe - ICE BLUE,unresolved,,,no_match
recdvIrqrqCXQ0kS7,Cheryl - Ivory,fuzzy_prefix,recMYOjRDTb2oyq2f,Cheryl,
recdw3YPorL5YQ9LZ,Lace Mended Veil,unresolved,,,no_match
recdxpLyafnvY4Uzq,Lylah,exact,recOnPjxhUOwzEFX9,Lylah,
rece0zXdOz7vQ1xGJ,Sasha (iris) ,fuzzy_prefix,recBCfoFXP3p3VPvf,Sasha,
rece1gs4lNsSEKEot,Bernie,exact,recBOZl4uFnxJTk2Y,Bernie,
rece82aoy5kfjZ8dk,Harris,exact,recXNAE1tp4RvLzlC,Harris,
receIi4MuzjvasHSm,Augusta,exact,rec1IOfXF4lyD07ns,Augusta,
receNkJ9UnIWwEbo2,Bex (Taffeta),fuzzy_prefix,recxWhKt897hFttXK,Bex,
receOpVItaOM05JIi,Steven,exact,recpgeSX3IUxot9ss,Steven,
recePLEENJXsIxlsq,Pearl Tassles (for raphaela),unresolved,,,no_match
receQSh3lz66pq5hV,Pia,exact,recAp0iFg1W5Z2MPz,Pia,
receSZUmTaKqEfFoE,Dottie,exact,recgdTlDCsjXDSu4j,Dottie,
receVADuxgeQma7Sd,Sid/Viv Set - Mist,unresolved,,,no_match
receWR0MwN4gD8UtG,Short Beaded Wave Veil ,exact,recKhAVU31OliH0SE,Short Beaded Wave Veil,
receZcjEiQeMq0fyw,Dylan - Ivory Lining ,fuzzy_prefix,recdTdSlcrOfInrXu,Dylan,
recedoEZVsxfgIg5X,Mari Sleeves - Silk Wool ,unresolved,,,no_match
recekBpllqyjDupLy,Yara Ivory,unresolved,,,no_match
recekYuyIrSW4y2Ba,Sylvia,exact,recsJzYtfRIw5b9V6,Sylvia,
recekejn8mP4iLIz5,Eloise,exact,recVqAapr3fXvONpt,Eloise,
recektHepUO77ba5u,Micah,exact,recacjKln1BO9LXPZ,Micah,
receqleOs2N0XjBDP,Mimi - Oxblood,fuzzy_prefix,recM5Lu5l2bW0iQ9R,Mimi,
recerfY5ehiVncTCF,Yellow Gradient Veil,unresolved,,,no_match
receu0bIjPqJwnpTD,Vivienne Espresso,unresolved,,,no_match
recevIYqXYMt5e8G5,Bobbie,unresolved,,,no_match
recexg4z2OxeQjtml,Andi,exact,rec8j6YygKpUISH5a,Andi,
recf0KvUVGNbSyMPK,Rumi (SW) ,unresolved,,,no_match
recf0tOYA0PfCa2gM,Guinevere,exact,recL8scFrmMiv8smc,Guinevere,
recf48WXAF10jlGc3,Simple Tulle Veil ,unresolved,,,no_match
recf7REjS4InnSinJ,Talulah,unresolved,,,no_match
recf7pcm7C8Ho8qXX,Malfroy Pleated Veil w/ Lace,unresolved,,,no_match
recf9kFPiRKBtPiOk,Coty-Taffeta - Ivory,fuzzy_prefix,rec1lLHhlxUtLxfhl,Coty,
recfCFNoTDOHYFbl0,Satin Bound Cathedral Veil,unresolved,,,no_match
recfE0swxY0xfpT98,Veda (plum),unresolved,,,no_match
recfHmH5r5mR0feOF,Sid/Viv Set - Pistachio,unresolved,,,no_match
recfOxtJovxQzvnYm,Noa Midi (blonde) ,fuzzy_prefix,recwYsjb0ClDlFu8T,Noa Midi,
recfQq9FNbsUFbJhD,Georgia (Bustier),unresolved,,,no_match
recfW2thu1K01zgpq,Pauline,exact,recwuMNgShYLo2MNY,Pauline,
recfe1tlWcBGJOc7p,Noa,exact,recUi6PXmvR5oOOs0,Noa,
recfhTLn7cUJyEZqc,Veda (plum),unresolved,,,no_match
recfkHM5KA1DxCQp7,Apollo,exact,recjEdL0dM9sSdKqy,Apollo,
recfnF84bFrhT3MIS,Arabella,unresolved,,,no_match
recfuVQzaBrF90dXW,Anika Bustier,exact,rec9Yce2lfBqxybjU,Anika Bustier,
recfvYGBYqw6vIkZP,Short Simple Tulle Veil,unresolved,,,no_match
recfxWMI5BofuclhJ,Daphne ,exact,recRqZkbghXvoY5ZD,Daphne,
recfzbs2Q1jshFGsJ,Tulum Pearls,unresolved,,,no_match
recg0G6Mor6JxDtFH,Maeve,exact,recAjjJJAvliCQ3wi,Maeve,
recg1H0DMcKO3WKag,Camelia Fingertip Veil,unresolved,,,no_match
recg3jWNmeLfQB801,Drew,exact,rec8XFdAbiTNzvDLV,Drew,
recg5x96nDkpAV0SB,Devon ,exact,rec4EWE6O5J928Kny,Devon,
recgATs04RGdXPDht,Sutton,exact,recq1utqhe10lgOkS,Sutton,
recgB6DBrP29DQlLJ,Laurel,exact,recTcdNkAX7djYzSI,Laurel,
recgNoEr8p9a2vmsa,Cheryl,exact,recMYOjRDTb2oyq2f,Cheryl,
recgZ6vSVYPX9VLrL,Laurel w/ INCORRECT lining,unresolved,,,no_match
recgcwxeANmvbh6Ev,Clara - Tulle,unresolved,,,no_match
recgdZTfI0YN6LQaf,Cathedral w/ hand painted flowers + lace applique,unresolved,,,no_match
recggvkPGynSFdA6D,Gia,exact,recoESdWOpk6Y70bh,Gia,
recgi1TgkxgHuHEjC,Charlie,exact,recgj6FFJK6KPkxpa,Charlie,
recgm2Zz859flI2zX,Simple Tulle Veil ,unresolved,,,no_match
recgpYqt0LZzb63B9,Eloise,exact,recVqAapr3fXvONpt,Eloise,
recgvX1YcNXBs6mVe,Luna,exact,rec0gtwTNOvljZkRy,Luna,
rech1BSqV9ePDvBji,Audrey,exact,recsb2zD2i39FZOUI,Audrey,
rech2VGBEN03P9h47,Rowan,exact,rec9OFOF0X3QNLy7X,Rowan,
rech4b1TyjpVGdjVj,Marcel,exact,rec1emIGaUtHLoAk3,Marcel,
rech4bBPyvBAyTnYf,Octavia,exact,rec5EBuhoLMt527FJ,Octavia,
rech6nivot6FgCDFe,Mari,exact,recD8suABB4ZAiABO,Mari,
rech8TfumxORgRQko,Chantilly Border Veil - Elbow,unresolved,,,no_match
rechAVKebc6tXwqMh,Sutton,exact,recq1utqhe10lgOkS,Sutton,
rechH00SawjTiXJhQ,Maude,exact,recE2TGjTOTrLTNcY,Maude,
rechIl33QwQOE3xQe,Scarlet,exact,recXCSf6qhzWZ5Fxn,Scarlet,
rechJxsup7ZfpP343,Mariella Veil,unresolved,,,no_match
rechK0hIc5b2PXk2S,Cosette,exact,rechwsAH5xHMMUqJf,Cosette,
rechTHvIFefQqmZKK,Pleated Tulle Veil,unresolved,,,no_match
rechVK1At2U0sO1le,Suki SW,unresolved,,,no_match
rechYPwmGSxofhP4w,Anika,exact,recXbz8x8rlZ7jR3w,Anika,
rechcR6RjMAEaCM2s,Heather,exact,rec07Ow3NYEhdU1WT,Heather,
rechcwbCeH2EGyUYA,Painted leather gloves,unresolved,,,no_match
rechftUMJSFL9AMdT,Josephine,exact,rec6f6SNp2DLy815z,Josephine,
rechg3rOh4fZHHly8,Clementine,exact,rectuoyx5WcdHzbRk,Clementine,
rechp0SETqhHlYDwi,Tassle Belt ,unresolved,,,no_match
rechtf0aMUfrVmyFR,Jaqueline,unresolved,,,no_match
reci1GAlAkhMkdNPo,Grosgrain Cathedral Veil,unresolved,,,no_match
reci2iE5gswCOxYke,River,exact,recE7PuEbafTFaecF,River,
reci3FV5fI3EweZ8U,Laurel w/ CORRECT lining,unresolved,,,no_match
reci5NUIxVlGQkDrO,Jo - Ivory,fuzzy_prefix,recRXxc1zZqg8nMf2,Jo,
reci6I9HueHXYx7Po,Marlow,exact,recB7Otkun8htDdzj,Marlow,
reci6bvckaPGGTZDi,Talia,exact,recZTqPoXpCUJhuEh,Talia,
reci7Qcc0liXXBlUc,Apostrophe Necklace,unresolved,,,no_match
reci8mdXYtAsDXLRm,Phoebe,exact,recBcSTa721QmufCV,Phoebe,
reciJL4gBxgIp5UMw,Samantha,exact,rec8hAP1wG3QwB2EC,Samantha,
reciN68434IXotcId,Lounge Robe - BEIGE,unresolved,,,no_match
reciP6T4OWrnsBR2M,Eliza,exact,recgpYuSCcxFFjSpA,Eliza,
reciPP6ZYS1yASKQJ,Sasha,exact,recBCfoFXP3p3VPvf,Sasha,
reciPb7eEBXwMAjo0,River,exact,recE7PuEbafTFaecF,River,
reciSZ9t9vmqe7aEl,Henrietta (with High/Low hem) ,fuzzy_prefix,recjT7jwOh2tQ575m,Henrietta,
reciTr2dIpx1JdBaL,Cynthia,exact,recLx4owWqgNnyNVK,Cynthia,
reciUlaWTJlAkrLGU,Tassle Silk Bag Black,unresolved,,,no_match
reciamoRDSzLQkavR,Cosette (Black) ,fuzzy_prefix,rechwsAH5xHMMUqJf,Cosette,
recie3rgWdatw9N3L,Henley,exact,recsMTKS3eSXOWCJI,Henley,
recieTGbvVn1WIgV4,Dan,exact,recwG3HBuw4OQIgcJ,Dan,
recifba2pfSDHpLKz,Freja Veil,exact,recw7jrygiVG8jxCx,Freja Veil,
recigTFUtCAEPADgq,Clay Floral Spritz,unresolved,,,no_match
recihInYUxjnmOyy0,Apostrophe Earrings ,unresolved,,,no_match
reciq0F0OBKLl7veQ,Priscilla,exact,recbxsVzXCfmZaH3Y,Priscilla,
recirKcy6nsZqixVL,Cleo,exact,recuJELI9qdN1ysmi,Cleo,
recisIoN3T2P0aN3S,Emmaline,exact,recGFaeTvlzzWje8O,Emmaline,
reciu9Rz8DnnKaAgL,Georgia (Bustier),unresolved,,,no_match
recivGcNz7aymBQTq,Mackenzie,exact,recbSnZa9XpScdytK,Mackenzie,
recj1dddaKWUDkkIw,Estelle - Pearl,fuzzy_prefix,recB8wEaJNdVcuTSY,Estelle,
recj396AUaLp2qmK9,Phoebe,exact,recBcSTa721QmufCV,Phoebe,
recj7hpoqBnQJqueC,Liv,exact,recA7WA8rfTy5ypQY,Liv,
recj9BqEAtbYU3JzN,Pleated Malfroy Veil,unresolved,,,no_match
recjF9LKdx4tEZ7Ta,Arabella,unresolved,,,no_match
recjH3KiBnUtNPEi6,Drew,exact,rec8XFdAbiTNzvDLV,Drew,
recjImO2VyHxSFBoc,Baroque Pearl Necklace ,unresolved,,,no_match
recjPhkVIpGK7MJhb,Birdie,exact,rec2GQ9Q0en4isEuz,Birdie,
recjQYe0X3GwCR34w,Samara,exact,recRLrmCkI3l2J927,Samara,
recjUgk0dRl3CnKXJ,Milo,exact,recN2SWeARDQxLnWT,Milo,
recjWgkgDIAZh6RpG,Simple Tulle Veil,unresolved,,,no_match
recjX37yfNgMgh9FG,Malfroy Pleated Veil w/ Lace,unresolved,,,no_match
recjb1JarzyOJlH7s,Agnes,unresolved,,,no_match
recjjpCyDIStMhMFL,Mari Sleeves - Crinkle Chiffon,unresolved,,,no_match
recjn8sCPJMuiJ9pp,Ivy,exact,recTnbSxW6fZNWqF2,Ivy,
recjrh839xe7oAhHM,Mel,exact,recrx6fpvDU2sSQLh,Mel,
reck3aj9w9bD6u55J,Tina,exact,recAnbQwgqRt96lwR,Tina,
reckMnZvtiRUdDa2h,Alice,exact,recNEB9IF2PCpXXlE,Alice,
reckQWhfKVvpkZ9fN,Harris,exact,recXNAE1tp4RvLzlC,Harris,
reckQtirJUspxutC4,Leaf Heart Earrings ,unresolved,,,no_match
reckRIvb6ykmbSx17,Camille,exact,recc2leJaVZp0QmGL,Camille,
reckShNljHIrBx7m8,Bex (SW),fuzzy_prefix,recxWhKt897hFttXK,Bex,
reckbbTgTc5Q7dVkJ,Pleated Tulle Overlay ,unresolved,,,no_match
reckc4i9s1JQIodgc,Jo - Ivory,fuzzy_prefix,recRXxc1zZqg8nMf2,Jo,
reckgOP7B4DWOrxcj,Maeve,exact,recAjjJJAvliCQ3wi,Maeve,
reckl68TV1Upp3cul,Lylah,exact,recOnPjxhUOwzEFX9,Lylah,
recklq8AXK1QXc5Vs,Miles,unresolved,,,no_match
reckrmIkvdSDEjHFx,Leighton,exact,reck4usoYPvUbGbkC,Leighton,
reckxwupxpgyfKmLP,Silk Wool Cape,exact,recAutlQdYYbD1sOd,Silk Wool Cape,
reckzcMLHWxoTd3q9,Camille,exact,recc2leJaVZp0QmGL,Camille,
recl0D0wy8P1eQvRf,Mariela dew,unresolved,,,no_match
recl4syEnzOagaBCg,Lenny,exact,reci9GI4aUGS9unM7,Lenny,
recl7GRXG5TDB6FFr,Noemi,exact,rec0g1uAyI2HUZyVM,Noemi,
recl9j7kFp2YMyi2g,Cathedral w/ hand painted flowers + lace applique,unresolved,,,no_match
recl9rnagkGBGpBDt,Hazel,exact,recOgNl49zSBHGWn9,Hazel,
reclAlPlJa4ejIS9i,Harris (Plum) ,fuzzy_prefix,recXNAE1tp4RvLzlC,Harris,
reclCRYhuXBK5r3W2,Mila,exact,rect6GEvda51pdLdR,Mila,
reclCW7vPvUNGlTvW,Eve,exact,rectpsrWpV6Byi8tY,Eve,
reclDVJKHSTdEN6Nf,Ruby,exact,recTD8DIPAusq64xa,Ruby,
reclDbiazbWXqqJs8,Babs,exact,recbbRcVuZR82juKl,Babs,
reclOkWpoVl65AZjD,Rebecca,exact,recwzvKRP623sOz1H,Rebecca,
reclU690Ciu1USKrC,Mila (Ivory) ,fuzzy_prefix,rect6GEvda51pdLdR,Mila,
reclYPMry57uC75TL,Coco,exact,recVnAvrid8mUAgaR,Coco,
reclcECO12QVKrp7I,Harris,exact,recXNAE1tp4RvLzlC,Harris,
reclgeQSuFGuPaxcX,Liz,exact,receEksBNAOuj8tGZ,Liz,
reclhISLuQOJ6YwvS,Bex (Taffeta),fuzzy_prefix,recxWhKt897hFttXK,Bex,
recli8PmYFA82Bamb,BIRKENSTOCK PEARL CLUSTER TEARDROP EASSRINGS,unresolved,,,no_match
reclivuny4640lJC7,Bex (SW),fuzzy_prefix,recxWhKt897hFttXK,Bex,
reclkHKzocJIcYw2V,Mari,exact,recD8suABB4ZAiABO,Mari,
reclntZKgFmz6gVRr,Marlow,exact,recB7Otkun8htDdzj,Marlow,
reclnyeSTL7DC17vT,Mila,exact,rect6GEvda51pdLdR,Mila,
reclsv2NmvSuxuwXi,Pippa,exact,rec3xWFZR0WKU43ca,Pippa,
reclvSh2dAkWgi6SP,Dylan  - Nude Lining,fuzzy_prefix,recdTdSlcrOfInrXu,Dylan,
recm0Y2JxJWntlTzQ,Beaded Wave Veil,unresolved,,,no_match
recm0w2kb8e9NDFYp,Hannah,exact,recAvCNpJO3yFcYKF,Hannah,
recm6KGIEayulxsfd,Painted leather gloves,unresolved,,,no_match
recm8p6CFKmzQAzy0,Pleated Tulle Veil with lace ,unresolved,,,no_match
recm9XTVdd200lN8d,Inez,exact,rechaFIjl1aRNbmMI,Inez,
recmBHksLgXdG0xCJ,Paloma Printed Painted,exact,recH3fCbN0SXMPS4S,Paloma Printed Painted,
recmBSZUExcvGSvnv,Sacae Pleated Veil,unresolved,,,no_match
recmCG8CJBLP7Ly9I,Beatrice - Ivory ,fuzzy_prefix,rec2l2yQGkfi0HUJs,Beatrice,
recmDLiNTCSkYQtbu,Adeline ,exact,recLh6xsM5GCMOJhN,Adeline,
recmE798SpiHdFSDm,Silver coated floral brooch ,unresolved,,,no_match
recmEcS6W2o6JlxIq,Harris (Plum) - No flowers or train,fuzzy_prefix,recXNAE1tp4RvLzlC,Harris,
recmKC7B8fU7Y9Bfx,Short Embroidered Wave Veil,exact,recnrapSYjza4wvmN,Short Embroidered Wave Veil,
recmKmQOpQbQ6CKVL,Large Clay Rose for Lena,unresolved,,,no_match
recmPSobS2z5NQjNz,Georgia (Bustier),unresolved,,,no_match
recmPmxSlqRc1ZXUz,Bex (Taffeta),fuzzy_prefix,recxWhKt897hFttXK,Bex,
recmQEO8MuDsqoKyd,Viola ,exact,recuBEHazg3gnJYlp,Viola,
recmQyU3ryiGRJtKz,Leighton,exact,reck4usoYPvUbGbkC,Leighton,
recmRGTDcFhQFPtJ5,Talulah,unresolved,,,no_match
recmSiwMtfVCPylBI,Arlo ,exact,recNhH6be6YDdVWH3,Arlo,
recmT6FuEQtFhxasU,Nell,exact,recK05pHnW8lP2WYi,Nell,
recn0FCjuRglMHYkQ,Leona,exact,recPbyQwimx0qzhin,Leona,
recn4WMNiGy7JiSzm,Priscilla Bustier,exact,recl4KEO8uetYosDe,Priscilla Bustier,
recn5DXjhaU3UpnpR,Suede Pink Gloves ,unresolved,,,no_match
recn5IOHX6EFVxIce,Simple Tulle w/ Lace,unresolved,,,no_match
recn6hCysPiHkQPjN,Demi - Crepe Back Satin Espresso,unresolved,,,no_match
recn6lX7iBSU05aVq,Birkenstock Fortuny Gown,unresolved,,,no_match
recnEFqAUnr4rxbqi,Miller,exact,recIJCB3BTVstnEXv,Miller,
recnMgVfh9CGfeV1a,Samson ,exact,recju8NIDhlLWy1Gj,Samson,
recnQ16ZZ80rGHNow,Rosalie,exact,rec8ulL3dhbEGgRuF,Rosalie,
recnW91zdjn0XB7mn,Alexandra,exact,recpof5BNU1oZ2XXc,Alexandra,
recnZONOnmsqcsQWf,Marlow,exact,recB7Otkun8htDdzj,Marlow,
recnZWurhvrM3n0rT,Arden,exact,recYGqHXLqkc1PDlV,Arden,
recnZuy4rNmqE4Rk6,Demi - Crepe Back Satin Espresso,unresolved,,,no_match
recngwE82aoZqTmgh,Noa (Black),fuzzy_prefix,recUi6PXmvR5oOOs0,Noa,
recnkYI3pXINoKRMT,Adena,exact,recMzRkBWxwd5nfgG,Adena,
recnkzeoe7ODCc1Ja,Birdie,exact,rec2GQ9Q0en4isEuz,Birdie,
reco0EX0Y9lMpZlkp,Cathedral Pleated Tulle Veil,unresolved,,,no_match
reco1Q3JUxXIl2PoR,Painted leather gloves,unresolved,,,no_match
reco2J87cImOH8wnn,Lounge Set (Long Sleeve) - WHITE,fuzzy_prefix,rec3zZAmq7z3dWfgp,Lounge Set,
reco2KrqlKMEar4hm,Iris Veil ,unresolved,,,no_match
reco3eEP6yO9tYagZ,Mila (Ivory) ,fuzzy_prefix,rect6GEvda51pdLdR,Mila,
reco4Y32KpJGf9T0S,Tristan,exact,rec7K8PihHIqgfHXx,Tristan,
reco7l1zXLcHDDGwC,Georgia (Skirt),unresolved,,,no_match
reco7oq1N5WC7oeq9,Dan,exact,recwG3HBuw4OQIgcJ,Dan,
reco91A8QEVPW5YRK,Arlo,exact,recNhH6be6YDdVWH3,Arlo,
recoAWGd6OLpcFDNW,Arabella - Cloquet,unresolved,,,no_match
recoEOzWVfxw15tBo,Sasha (altered),fuzzy_prefix,recBCfoFXP3p3VPvf,Sasha,
recoMtOjixNY9u0Ze,Caroline,exact,recRTy8ce3LB9cE1J,Caroline,
recoMz7EX6Tgv162i,Drew,exact,rec8XFdAbiTNzvDLV,Drew,
recoW8SOLiakrlMAI,Lounge Set (Short Sleeve) - WHITE,fuzzy_prefix,rec3zZAmq7z3dWfgp,Lounge Set,
recoWHDHk3gjc4nTQ,Pleated Malfroy Veil,unresolved,,,no_match
recoaUkbjmg55tpoS,Pia,exact,recAp0iFg1W5Z2MPz,Pia,
recocvoPXv4hf8irv,Simple Tulle Veil w/ Blusher,unresolved,,,no_match
recoefge5U8wosEaJ,Beaded Wave Veil,unresolved,,,no_match
recoic9mXdH19VdHr,Birdie,exact,rec2GQ9Q0en4isEuz,Birdie,
recok4nvYlbY41WqG,Anita,exact,recQVeP0jB9nMCtMK,Anita,
recol8kT2e5ZB9Bpo,Pleated Tulle Veil,unresolved,,,no_match
recom81cTEeIpB4uE,Gold Chain and Pearl Necklace ,unresolved,,,no_match
reconftojWvD9kNDJ,Charlie Midi (espresso),fuzzy_prefix,recSPDs2FPTJrtXp0,Charlie Midi,
recopsxjI9QPBuO1V,Charlie,exact,recgj6FFJK6KPkxpa,Charlie,
recorjK41PeUrUN5D,River,exact,recE7PuEbafTFaecF,River,
recorswL7o2n7fGjV,Short Tulle Veil,unresolved,,,no_match
recotZ6b9vFmdIaYZ,Agnes (SW) (Twill),unresolved,,,no_match
recozef471wM8Razf,Micah,exact,recacjKln1BO9LXPZ,Micah,
recp0AFbhHmL70etf,Isadora,exact,recUJZrsJrtrsqvVG,Isadora,
recp4RvpNju415QHQ,Greta,exact,rec0FDzKRUsonV7UL,Greta,
recpBJZvrr0ynUUkz,Viola ,exact,recuBEHazg3gnJYlp,Viola,
recpGgTPiMcAhGY3z,Josephine,exact,rec6f6SNp2DLy815z,Josephine,
recpHZFZcRIhontVX,Birdie,exact,rec2GQ9Q0en4isEuz,Birdie,
recpJ2Rq0vVQ5fxFd,Apostrophe Earrings ,unresolved,,,no_match
recpOaNsXSzeFRxrL,Tassle Belt ,unresolved,,,no_match
recpPWTcCc7ieT25G,Scout (Skirt) ,unresolved,,,no_match
recpQHmLMIIZ9OtCV,Juniper - Silk Wool Twill ,unresolved,,,no_match
recpRHDrfshCjEGUq,Audra,exact,recByG3u5ugxCbTcg,Audra,
recpbB46u6Suo1cL4,Tilly,exact,recNGKG4MxdAX9w1R,Tilly,
recpci59Z5P9eDz3J,Mari Sleeves - Tulle w/ Lace Applique,unresolved,,,no_match
recpcwi43ocISbnKt,Talulah Taffeta,exact,reclc78N65ZRP6tnD,Talulah Taffeta,
recpf7ifytAffhQ7p,Jack,exact,recmIop2VHlnneufI,Jack,
recpmjW5UHvdHr0iz,Lounge Set (Long Sleeve) - ICE BLUE,fuzzy_prefix,rec3zZAmq7z3dWfgp,Lounge Set,
recpn73aIolkwVIqd,Emmet,exact,rec5eKx1DtThQu6bf,Emmet,
recpqHiGmQpPK7q2N,Demi - Chocolate,unresolved,,,no_match
recptpKdVcLGkfiKL,Noemi,exact,rec0g1uAyI2HUZyVM,Noemi,
recpzoQSy8cZU6LWo,Arabella - Cloquet,unresolved,,,no_match
recqBAuwrrCRGoaqR,Apostrophe Necklace,unresolved,,,no_match
recqDZwNWWxzxxYNo,Adena,exact,recMzRkBWxwd5nfgG,Adena,
recqDuiFS0HkwrJ55,Audra,exact,recByG3u5ugxCbTcg,Audra,
recqEf0WaH6GgVDpJ,Scarlet,exact,recXCSf6qhzWZ5Fxn,Scarlet,
recqEvUEPMrGlYMgK,Talia,exact,recZTqPoXpCUJhuEh,Talia,
recqIyCvmEMoYlZhU,Brigette,exact,recRJW6Qzxv5aHRM0,Brigette,
recqKoN0qTKxZc9uF,Devon ,exact,rec4EWE6O5J928Kny,Devon,
recqKsbSHML94KO4u,Tabitha,exact,rec1ttlejT9zBBbe6,Tabitha,
recqL9LN1Z5WtWzCI,Kennedy,exact,recLWVKfMp3FRrt7a,Kennedy,
recqMJRCRkKTAWkUX,Sid/Viv Set - Ivory,unresolved,,,no_match
recqMcq8ePphBqNSU,Collins,exact,recFogTsZskrWXOaz,Collins,
recqMu5Sc7uyhkXDe,Mariela (No Train) - Pearl Rose ,fuzzy_prefix,recmhLkt4oUlvrd7f,Mariela,
recqN8AsvRnh3dJvD,Jo - Fawn,fuzzy_prefix,recRXxc1zZqg8nMf2,Jo,
recqQj2CMdcChDLQe,Lua,exact,recXpqvYda4Rac7bd,Lua,
recqWXVHBZpiRcAqO,Augusta,exact,rec1IOfXF4lyD07ns,Augusta,
recqWi4ECr5OzZmbp,Pearl Disc Earrings ,exact,recjE0FL8qU1BtTYe,Pearl Disc Earrings,
recqeXqQ4LuzUchGQ,Theo,exact,recotsrMZST7JfVog,Theo,
recqfpw4cepGXeHIl,Hankerchief Veil,unresolved,,,no_match
recqg4Gpb2WldAMlB,Short Simple Tulle Veil,unresolved,,,no_match
recqiYoDm3FmgA1UQ,Chain and Pearl Belt,unresolved,,,no_match
recql69HTXxvkGKg4,Samson ,exact,recju8NIDhlLWy1Gj,Samson,
recqquUEteSjF4Zkr,Ralph,exact,reckKTglEsCECvKAk,Ralph,
recqsZrEwIVfhG3LV,Belt with Large Pearls,unresolved,,,no_match
recqtkp3U2AFBs0Xs,Esther,exact,rec0kVGJKxoWOjf7m,Esther,
recqwXFr2NMcccGgP,Macie,exact,recDyLxrbcbY9X4o5,Macie,
recqwqs2WDY6fOyPJ,Hazel,exact,recOgNl49zSBHGWn9,Hazel,
recr3GMLVxVLVNru2,Jersey Headband White - NARROW,unresolved,,,no_match
recr40hVEmjkIPvk6,Anika Bustier,exact,rec9Yce2lfBqxybjU,Anika Bustier,
recr51STIjJdssBAJ,Raf,exact,recOwRCak8G5TSAAq,Raf,
recrHFCfePBa4oW40,Anika Bustier,exact,rec9Yce2lfBqxybjU,Anika Bustier,
recrKaHbyU6iwk9kv,Henley,exact,recsMTKS3eSXOWCJI,Henley,
recrMjpEkAykrwJAf,Kennedy,exact,recLWVKfMp3FRrt7a,Kennedy,
recrNgqB1kiUuLvFh,Grosgrain Ribbon ,unresolved,,,no_match
recrQjnOPuMfDjMdh,Long Jersey Gloves ,unresolved,,,no_match
recrRfzLCLW2Fh5ga,Liv,exact,recA7WA8rfTy5ypQY,Liv,
recrSEgCgNVNx2gqI,Devon ,exact,rec4EWE6O5J928Kny,Devon,
recrTHIbyT8KSkJsN,Ewen,exact,rec8AnnVBkmEJHT9i,Ewen,
recrTLhf8ezoiNQB0,Milo,exact,recN2SWeARDQxLnWT,Milo,
recrUhIdjmYyISMVT,Freja,exact,recFLY6ytmcOFjxWH,Freja,
recrYXcf3V6q1gKmd,Alora IVORY,unresolved,,,no_match
recrb3YDdLmFN5x9W,Pleated Tulle Overlay ,unresolved,,,no_match
recrl34APnBdJylti,Camelia CATHEDRAL Veil,unresolved,,,no_match
recrm6jdVR2vMhs9k,Bobbie - Silk Wool Twill,exact,recOt4rHdXMdiMZr5,Bobbie - Silk Wool Twill,
recrns8TKCq4gUC1E,Zana,exact,recN2XZD6Jdma9Pxn,Zana,
recrpS2jMIk1otzXm,Malfroy Scarf ,unresolved,,,no_match
recrqjcDm2aIz6pof,Drew,exact,rec8XFdAbiTNzvDLV,Drew,
recrqljX916dEjlfz,Desi,exact,recLAJiCmA2BSoDAT,Desi,
recrxeZXhvll6UDAo,Painted Tulle Gloves,unresolved,,,no_match
recry2mCjW4tUdhXN,Leona,exact,recPbyQwimx0qzhin,Leona,
recryBcdLsg2erOth,Lounge Robe - WHITE,unresolved,,,no_match
recs55hTDtmCmGLtW,Tulle Scarf,exact,recPVp6ae1L0cbtAB,Tulle Scarf,
recs7l688kviRiGIJ,Leona,exact,recPbyQwimx0qzhin,Leona,
recs9i0SJBMPLYZIX,Camelia CATHEDRAL Veil,unresolved,,,no_match
recsDfkOLTdq5JS0H,Priscilla Bustier,exact,recl4KEO8uetYosDe,Priscilla Bustier,
recsEx1qY8oQJDBEs,Simple Tulle Veil w/ Blusher,unresolved,,,no_match
recsGYJCuQAiiLV2a,Desi (printed/painted),fuzzy_prefix,recLAJiCmA2BSoDAT,Desi,
recsO4S3DueP6YcBa,Savannah,unresolved,,,no_match
recsO9VenZqFwP0t8,Sasha,exact,recBCfoFXP3p3VPvf,Sasha,
recsQ652YjYHuNla9,Laila,exact,rechNiLhuSUC9niaK,Laila,
recsQPFBK1DUURsih,Sasha,exact,recBCfoFXP3p3VPvf,Sasha,
recsUkXaGn9k1yFQq,Presley,exact,reciG7tHyOS5aCr4m,Presley,
recsVAtYLOLxbf9GP,Jersey headband Black - WIDE,unresolved,,,no_match
recsXPvXq75V4U9ad,Noa,exact,recUi6PXmvR5oOOs0,Noa,
recsa27uil4nrmdmg,Chrysanthemum Earrings,exact,recmL2nvrrZnycdO6,Chrysanthemum Earrings,
recsaYXlQanUID3XK,Simone,exact,recomZIUOT863k2rp,Simone,
recsaZCmbQr7AZEzt,Rory,exact,recA3qrQc5c5e9jaT,Rory,
recsbS4Rg43rs28ph,Bronze floral shoulder peices ,unresolved,,,no_match
recsfRby4Do8sBkTZ,Short Grosgrain Veil,unresolved,,,no_match
recsfiZVIFXzVPLOz,Everett,exact,rec3MbXkRuSAuRzBk,Everett,
recsgMVw7WUPDNOhT,Dree (printed/painted),fuzzy_prefix,recLQs4WNMmeiaJ5H,Dree,
recsgvl87ceMhN1lR,Lucy,exact,recSYVosCuO7kqqGe,Lucy,
recskVkPQb78E2K5Y,Mari Sleeves - Silk Wool ,unresolved,,,no_match
recslQ1FxlZZjO47x,Finn Lace Belt,unresolved,,,no_match
recsmHOUtjILiVKDQ,Yellow Gradient Veil,unresolved,,,no_match
recsnvtytGHTWWcHe,Maeve Earing ,unresolved,,,no_match
recstJ0CflAujr5FO,Anika Bustier,exact,rec9Yce2lfBqxybjU,Anika Bustier,
recsvanktewjij5qW,Bex (SW),fuzzy_prefix,recxWhKt897hFttXK,Bex,
recswPtI0t6lslwJh,Talulah,unresolved,,,no_match
recswZtKx1B6A6ffL,Gia,exact,recoESdWOpk6Y70bh,Gia,
recswxEmoFXQuU3VD,Noa (Topper),fuzzy_prefix,recUi6PXmvR5oOOs0,Noa,
rect1qiXo44UGjEjd,Wren,exact,recAgkJZLkOXQUDrM,Wren,
rect7EZTwPPPuTf6q,Cora,exact,recdMGOjzS4kMpsJz,Cora,
rect8YI4Pcctb0Kqw,Eliza,exact,recgpYuSCcxFFjSpA,Eliza,
rect9PUfPgJAJru6r,Maeve,exact,recAjjJJAvliCQ3wi,Maeve,
rectADZrbS78e60vq,Noa,exact,recUi6PXmvR5oOOs0,Noa,
rectKj7t8bhKdPRSm,Milli,exact,reciAf0sZMPTPjvWj,Milli,
rectMD75vTN3De8qc,Miller,exact,recIJCB3BTVstnEXv,Miller,
rectQxQlPclldSHKQ,Parker,exact,recFeixCSCJWzZLC7,Parker,
rectSMiMkUWyhmSuL,Chantilly Border Veil w/ Blusher,unresolved,,,no_match
rectSqjOkOx6WZOpK,"Twisted Agapanthus Tiara
",exact,recZbPP7q9igEQYLc,Twisted Agapanthus Tiara,
rectT06ZhIL9yQmlA,Adeline,exact,recLh6xsM5GCMOJhN,Adeline,
rectWhHktZOInXobR,Lois,exact,reco2O2V3XCaFe1aP,Lois,
recti2HlJXPXNY1tk,Samson ,exact,recju8NIDhlLWy1Gj,Samson,
rectjKYv8FNxyzASs,Pia,exact,recAp0iFg1W5Z2MPz,Pia,
rectkSryXajH8nvyH,Juno,exact,recHy3tpintCiGHis,Juno,
rectlQph7evxPKwnU,Miles,unresolved,,,no_match
rectrJ3ta7GFhq50s,Lennon,exact,recRaZ00Gs1OnE17F,Lennon,
rectrfHIuCBxHrliO,Laurel,exact,recTcdNkAX7djYzSI,Laurel,
rectsiJmkbNdvEQab,Macie,exact,recDyLxrbcbY9X4o5,Macie,
rectvdTQIV22nwEOt,Willow,exact,recg83Qfo7sAh6ytg,Willow,
rectwBY1PXxY8Uotv,Fingertip Mantilla Veil,unresolved,,,no_match
rectyAFypokmsBtKf,Jersey headband Black - NARROW,unresolved,,,no_match
rectyOhuIHvV3Evyc,Veda (SW Twill),unresolved,,,no_match
recu0F0S2NpdHsQYM,Lenny,exact,reci9GI4aUGS9unM7,Lenny,
recu14FWr2SIVrYzQ,Tassle Silk Bag White,unresolved,,,no_match
recu1KkE63Kq89gRP,Mackenzie,exact,recbSnZa9XpScdytK,Mackenzie,
recu1qnuC2gFmYTFD,Marlow,exact,recB7Otkun8htDdzj,Marlow,
recu3au73miPbTEQu,Miles,unresolved,,,no_match
recu5v1J1autlsXiB,,unresolved,,,blank_legacy_name
recu84Tl49IaffkKB,Leaf Heart Earrings ,unresolved,,,no_match
recuCVXUuSTTbRgmt,Finn Lace Belt,unresolved,,,no_match
recuDxpyuyVU11xkJ,Demi (printed/painted) ,unresolved,,,no_match
recuEV1fo5LBltNWd,Agnes,unresolved,,,no_match
recuMsOx0SnOfzmnI,Pencil Tip Short Veil,unresolved,,,no_match
recuO6cVBIiK6254v,Milli,exact,reciAf0sZMPTPjvWj,Milli,
recuORojyo4KI1p82,Quinn,unresolved,,,no_match
recuTkV4CLjDZAyWO,Dree (printed/painted),fuzzy_prefix,recLQs4WNMmeiaJ5H,Dree,
recuUDz3yy2rPFLqU,Presley,exact,reciG7tHyOS5aCr4m,Presley,
recuVv3qxcRTsIX9s,Mari Sleeves - Tulle w/ Lace Applique,unresolved,,,no_match
recuW3r4XNdG1UnhF,Veda (SW Twill),unresolved,,,no_match
recuWkxpfJgSweuHH,Chloe,exact,recYRjfAIXsXZYoNi,Chloe,
recuX4I6bbBg3EGs9,Josephine (inccorret),fuzzy_prefix,rec6f6SNp2DLy815z,Josephine,
recudbCPxuxQ33tec,Jade,exact,recfUWtZ5VR2yH0WI,Jade,
recuo95fJxvUplgSy,Edie ,exact,recETav1jBTQhyu33,Edie,
recuvZfS9rsEdr9FW,Silk wool clutch with Silver olive brang detail ,unresolved,,,no_match
recuwynOY3hqCY0mW,Eliza,exact,recgpYuSCcxFFjSpA,Eliza,
recv5tcmHpJjzRgal,Esme,exact,recwleLHp6mQDhZBF,Esme,
recv6ETF0d2Izs7T8,Pauline,exact,recwuMNgShYLo2MNY,Pauline,
recv7c7XMacmrlIV2,Scout (Top),unresolved,,,no_match
recvEAPiOzIXkVIEu,Grosgrain Cathedral Veil,unresolved,,,no_match
recvMN0jLKeZitrKj,Veda (SW Twill),unresolved,,,no_match
recvQI7cMrgTYjoUc,Camille,exact,recc2leJaVZp0QmGL,Camille,
recvRFnYUYGwveLAs,Pauline,exact,recwuMNgShYLo2MNY,Pauline,
recvZhhXslwubcum3,Lena - Oxblood,fuzzy_prefix,recoRslK5nW1Kzujh,Lena,
recvdEuPqPqW7X4s5,Emerson,exact,recWi6TRIL11ez5h6,Emerson,
recvhTelwZhzQdbIi,Nala,exact,reczsIFKqV3o5hGn9,Nala,
recvjWSp74Lz7pIXL,Camille,exact,recc2leJaVZp0QmGL,Camille,
recvkTcbFunl2VH3W,Gemma,exact,rec2822G6XNfvKYAb,Gemma,
recvp3OvoaUpKVXFN,Brown Calfskin Belt,unresolved,,,no_match
recvqy0pxJCqmvI51,Simple Tulle Veil w/ Blusher,unresolved,,,no_match
recvr7zRCJmQQeDWM,Bobbie,unresolved,,,no_match
recvuCNsqqf6uYp8J,Priscilla Bustier,exact,recl4KEO8uetYosDe,Priscilla Bustier,
recvvaWs60IrHDyu9,Arizona Pearls,unresolved,,,no_match
recvw8EZWcyM8bYez,Lounge Set (Short Sleeve) - ICE BLUE,fuzzy_prefix,rec3zZAmq7z3dWfgp,Lounge Set,
recvwHtonmAR0Maa8,Marlow,exact,recB7Otkun8htDdzj,Marlow,
recw081m4BIHM1Awm,Cathedral Hankerchief Veil,unresolved,,,no_match
recw7OCCafkKoautV,Dylan (Unlined),fuzzy_prefix,recdTdSlcrOfInrXu,Dylan,
recw7yuj0jAuOFZOL,Lucia,unresolved,,,no_match
recwILCPlTPyMNZZw,Rebecca,exact,recwzvKRP623sOz1H,Rebecca,
recwL4fKtOjJGIFiC,Wendell,exact,recbsc7QDAou2M9dG,Wendell,
recwQ2teutdZkyFjC,Edie,exact,recETav1jBTQhyu33,Edie,
recwRt6cJkE5AEUsc,Maeve Stole,exact,recM0ZLe7hgdMdQHI,Maeve Stole,
recwTmN7of1cszznk,Babs,exact,recbbRcVuZR82juKl,Babs,
recwZ0gPO0ycbrLvK,Desi,exact,recLAJiCmA2BSoDAT,Desi,
recwZCx719tiXXjt3,Clara - Lace Applique,unresolved,,,no_match
recwccJQgIEPDbp8V,Remy,exact,recwHh6ulruNF1B7q,Remy,
recwgDKtsNN3YPfJ6,Jersey Headband White - WIDE,unresolved,,,no_match
recwgvEg2YjXPEORY,Anika Bustier SW,unresolved,,,no_match
recwhJUuFylQHO8es,Eliza,exact,recgpYuSCcxFFjSpA,Eliza,
recwilBYs5RibYdyd,Rumi (Printed Painted) ,unresolved,,,no_match
recwj8j052o1gpyq8,Pearl Disc Earrings ,exact,recjE0FL8qU1BtTYe,Pearl Disc Earrings,
recwjn5eRA1rLm5Ik,Paloma,unresolved,,,no_match
recx1536nCGgdt44Q,Andi,exact,rec8j6YygKpUISH5a,Andi,
recx21Llxs8Dqr100,Octavia,exact,rec5EBuhoLMt527FJ,Octavia,
recx2omjLn5dzVfdd,Charlie (Dahlia) ,fuzzy_prefix,recgj6FFJK6KPkxpa,Charlie,
recx6oLNMk6qXJPyN,Lottie,exact,recFxHaBYHiGRPPOj,Lottie,
recx8XB4zxKm37gmv,Eve,exact,rectpsrWpV6Byi8tY,Eve,
recxC9jYnsm3TKVAA,Vivienne,exact,recbFb9nHhoG7xIH9,Vivienne,
recxJJkWeL8SuO6ES,Pleated Tulle Veil,unresolved,,,no_match
recxJcFK7RHmBy0fM,Beatrice - Ivory ,fuzzy_prefix,rec2l2yQGkfi0HUJs,Beatrice,
recxNYgJ2qjheEViL,Nina,exact,recm7PpLM9wscuWmN,Nina,
recxSnQygCeS4f4xi,Lace Mended Veil,unresolved,,,no_match
recxVQp35nZCvG9LP,Mackenzie,exact,recbSnZa9XpScdytK,Mackenzie,
recxVWSZishtWgIvz,Willow,exact,recg83Qfo7sAh6ytg,Willow,
recxVnWDYE5YnnRkd,Samantha,exact,rec8hAP1wG3QwB2EC,Samantha,
recxZT6DMQDH0HbyT,Kennedy,exact,recLWVKfMp3FRrt7a,Kennedy,
recxcpVtVjZzY7KkU,Violette,exact,recOaEexmbMMgC5WF,Violette,
recxkI6i3ayhBhWWT,,unresolved,,,blank_legacy_name
recxnDZqLkmLCXI1u,Noemi,exact,rec0g1uAyI2HUZyVM,Noemi,
recxoR7ExeMlOUzzd,Sasha (altered),fuzzy_prefix,recBCfoFXP3p3VPvf,Sasha,
recxptbkD1aqKIKyK,Bruna,exact,recTtXnpWn3njbrtP,Bruna,
recxtOH6EIXLsXIRK,Chantilly Border Veil w/ Blusher,unresolved,,,no_match
recxw8WMVMqADR7Af,Devon ,exact,rec4EWE6O5J928Kny,Devon,
recxzKFGjcV2KdZn7,Penta Star Tiara,exact,recK3H7IbYAMQwH2s,Penta Star Tiara,
recxzqALX91iC8cnG,Simple Tulle Veil,unresolved,,,no_match
recy48jtbQAxx8Uu5,Talia,exact,recZTqPoXpCUJhuEh,Talia,
recy5lOax69zkzBfU,Winona ,exact,recAzOp32kyw1aIee,Winona,
recyE2L85wPe2wJbQ,River,exact,recE7PuEbafTFaecF,River,
recyFGcD6pD296Rx6,Lua,exact,recXpqvYda4Rac7bd,Lua,
recyO3OXAijTJGb1K,Adena,exact,recMzRkBWxwd5nfgG,Adena,
recyO5jRKRFdN8yih,Tassle Silk Bag White,unresolved,,,no_match
recySihny0XzJAzK6,Sadie,exact,recd70KSQgUwTqIwN,Sadie,
recyahsY8UDOaT30R,Riley,exact,recZLU6IJGf8qL4Cs,Riley,
recybsVwNeZ8lX4Hc,Kira,exact,recJ44hsCUsO5qKFp,Kira,
recyfIkSUJk9t36f0,Agnes,unresolved,,,no_match
recyhvHiKVSD3MyrM,Wendell,exact,recbsc7QDAou2M9dG,Wendell,
recyjaA2qi5SJLMXG,Lette - Oxblood,fuzzy_prefix,recgiuQH3VWkCVDRV,Lette,
recyk7AXbmhvCmzRH,Ada,exact,recovBQ8QyEFnCh7O,Ada,
recyrG9ykEvWK4mMz,Charlie,exact,recgj6FFJK6KPkxpa,Charlie,
recytDyyCfw2TzIJ0,Meredith,exact,recqCkJOAnUIfJA3s,Meredith,
recytX7q9voAeXgzA,Anika Bustier Cotton Twill,exact,recRXkPa4ScAEvkW9,Anika Bustier Cotton Twill,
recyurjBdPZeKKH9R,Alexandra (without embellishment),fuzzy_prefix,recpof5BNU1oZ2XXc,Alexandra,
recyvLEi9S4SWSJmd,Charlie Midi (espresso),fuzzy_prefix,recSPDs2FPTJrtXp0,Charlie Midi,
recz5DzFDEdSiFAYe,Noa,exact,recUi6PXmvR5oOOs0,Noa,
recz7rgu2Niu3tvKP,Violette,exact,recOaEexmbMMgC5WF,Violette,
reczD3SylP444I7xc,Noa Midi (blonde) ,fuzzy_prefix,recwYsjb0ClDlFu8T,Noa Midi,
reczDWkQUJ9EcSvzD,drop silver coated flower earring,unresolved,,,no_match
reczE5oP5D6IB585F,Dree,exact,recLQs4WNMmeiaJ5H,Dree,
reczFnwuC5qSVCu62,Rory,exact,recA3qrQc5c5e9jaT,Rory,
reczM8m0teIM6VtcU,Rumi (Printed Painted) ,unresolved,,,no_match
reczU1nOCRdmkL3VF,Simone,exact,recomZIUOT863k2rp,Simone,
reczUW2SnVfsTX6gI,Penelope,exact,recVhlADgtHRIYlZf,Penelope,
reczVn1watFHXeQqo,Silk Wool Cape,exact,recAutlQdYYbD1sOd,Silk Wool Cape,
reczZdldZ3xcPCGc3,Claudia,exact,recqfnEKPO16KcUJT,Claudia,
reczaIc60QdshYE6R,Henrietta (with High/Low hem) ,fuzzy_prefix,recjT7jwOh2tQ575m,Henrietta,
reczf2HkjAAxEBUAL,Verona,unresolved,,,no_match
recznABT2gOymsxCG,Dean,exact,rec4ohLegpYncgEyr,Dean,
reczpTP9VDGMRsF7N,Pauline,exact,recwuMNgShYLo2MNY,Pauline,
reczqCmkB8y0wrhux,Ford,exact,rec0MdmgAWj14dn9B,Ford,
reczr3kAbjSpI72jO,Emerson,exact,recWi6TRIL11ez5h6,Emerson,
reczvWrjFyVKcfVZo,Silver floral face piece,unresolved,,,no_match
reczwn9TWJnQtcI3X,Fingertip Mantilla Veil,unresolved,,,no_match
